AccelerationX;AccelerationY;AccelerationZ;AccelerationT;Date;Timestamp;DeviceOrientation
0.24016062329707435;-0.6865401076813817;-0.6006431084547982;0.09284695227279016;2020-07-16 14:58:22;1594936702.478292;portrait
0.25528188023372045;-0.6801974949701055;-0.6330385061042053;0.08368475566883404;2020-07-16 14:58:22;1594936702.497339;portrait
0.2689893873280769;-0.6729524597462266;-0.6633545243431473;0.12570903311327086;2020-07-16 14:58:22;1594936702.516632;portrait
0.2796553869023021;-0.6640969816278899;-0.6895442699726677;0.1843539951897455;2020-07-16 14:58:22;1594936702.5236561;portrait
0.2855250851396664;-0.653445188041904;-0.7099791162052507;0.13571226265244718;2020-07-16 14:58:22;1594936702.53159;portrait
0.284821939989753;-0.6413969216005599;-0.7235820802344717;0.14710609551768172;2020-07-16 14:58:22;1594936702.538583;portrait
0.27588425410934786;-0.6288878506272247;-0.7298795901264843;0.14129703447542852;2020-07-16 14:58:22;1594936702.545559;portrait
0.25733201277164786;-0.6172282290195559;-0.7289702571191345;0.1250121968991209;2020-07-16 14:58:22;1594936702.5484636;portrait
0.22825462701708224;-0.6078615412849783;-0.72142273679111;0.09284800153508854;2020-07-16 14:58:22;1594936702.5760438;portrait
0.18838663344960846;-0.6021043217232438;-0.708144797224583;0.0878825198199209;2020-07-16 14:58:22;1594936702.615466;portrait
0.13823136062054142;-0.6009283033193271;-0.6902824901793303;0.08951751187140644;2020-07-16 14:58:22;1594936702.6550019;portrait
0.07910804414639859;-0.6048121424588839;-0.6691861982955761;0.0657325616935509;2020-07-16 14:58:22;1594936702.696556;portrait
0.013116006716907455;-0.6136565309206721;-0.6464291008465147;0.040680567613343044;2020-07-16 14:58:22;1594936702.7363539;portrait
-0.056988210207436676;-0.6267567503030204;-0.6238320769282552;0.057791846321286755;2020-07-16 14:58:22;1594936702.77909;portrait
-0.12801310137368893;-0.6428487700783458;-0.6034580111890381;0.4873568696755939;2020-07-16 14:58:22;1594936702.8185961;portrait
-0.19664160629430805;-0.6602450645244397;-0.5875248126865994;0.08891870843920913;2020-07-16 14:58:22;1594936702.858399;portrait
-0.25975021863173997;-0.6770420070400405;-0.5781473053764068;0.053512662179237225;2020-07-16 14:58:22;1594936702.897496;portrait
-0.3146467315495709;-0.6913414795804528;-0.5768905757428684;0.04342404061490868;2020-07-16 14:58:22;1594936702.936757;portrait
-0.35921545639729674;-0.7014214340399946;-0.5843015360859417;0.10877894352714179;2020-07-16 14:58:22;1594936702.976811;portrait
-0.39201930152604786;-0.7058508656195585;-0.5996545436961556;0.004034982396547093;2020-07-16 14:58:22;1594936703.019788;portrait
-0.41237843757291703;-0.7036506283846042;-0.6210148119826415;0.6537917481557187;2020-07-16 14:58:22;1594936703.059566;portrait
-0.4203993281319828;-0.6945889462720893;-0.6455725825638321;0.13505419738437752;2020-07-16 14:58:22;1594936703.09775;portrait
-0.4169306249055431;-0.679480083182749;-0.6701674911138975;0.2654799644516004;2020-07-16 14:58:22;1594936703.138884;portrait
-0.4034559763066148;-0.6601950435754933;-0.6919187920052863;0.34676569445179695;2020-07-16 14:58:22;1594936703.176854;portrait
-0.38194023692535806;-0.6392780090322645;-0.7087972084978407;0.09110855998574152;2020-07-16 14:58:22;1594936703.219441;portrait
-0.3546114240529648;-0.6193771026092101;-0.7199346333241358;0.00456932847859548;2020-07-16 14:58:22;1594936703.258937;portrait
-0.3236707122733557;-0.6027574803451519;-0.7256245611349113;0.1475879356873655;2020-07-16 14:58:22;1594936703.297297;portrait
-0.2910021594742155;-0.5909928711928094;-0.7271439093214691;0.04333865444822038;2020-07-16 14:58:22;1594936703.3380358;portrait
-0.2579874589337267;-0.5848024754774312;-0.7264779433136911;0.036687830190032855;2020-07-16 14:58:22;1594936703.3788311;portrait
-0.22547254187289095;-0.5840036909941841;-0.725922037540743;0.06163591157513082;2020-07-16 14:58:22;1594936703.4168382;portrait
-0.19386375944444853;-0.5875840746964708;-0.7276005040761087;0.10180597326475294;2020-07-16 14:58:22;1594936703.4569466;portrait
-0.16329675681263703;-0.5938847570653473;-0.7330381956033274;0.07641407717099469;2020-07-16 14:58:22;1594936703.4971142;portrait
-0.13380931283884478;-0.6008612014225715;-0.7428884527248398;0.04177610979841262;2020-07-16 14:58:22;1594936703.536075;portrait
-0.10546518143624424;-0.6063849349444722;-0.7568526183514018;0.02467044145303987;2020-07-16 14:58:22;1594936703.5788891;portrait
-0.07841916397426879;-0.6085573434548874;-0.7737864680707989;0.13309496788608044;2020-07-16 14:58:22;1594936703.6194649;portrait
-0.05294189512951698;-0.6059999187986124;-0.7919498624655503;0.02884087304804694;2020-07-16 14:58:22;1594936703.657641;portrait
-0.02940456778030975;-0.5980746181544387;-0.8093511995096272;0.046707039427275276;2020-07-16 14:58:22;1594936703.697602;portrait
-0.008205612095672925;-0.5849868282239676;-0.8241705423927421;0.3325633189774706;2020-07-16 14:58:22;1594936703.736272;portrait
0.010334743842367305;-0.5677324278894726;-0.8352016435334503;0.09275665410402922;2020-07-16 14:58:22;1594936703.778599;portrait
0.026022134307133783;-0.5478839179063079;-0.8421571320563279;0.015330907951074833;2020-07-16 14:58:22;1594936703.817904;portrait
0.03870594795995933;-0.5272692086242547;-0.8457209282030012;0.07558816855637929;2020-07-16 14:58:22;1594936703.8573608;portrait
0.04809922041434504;-0.507634946995813;-0.8473784199245694;0.059686967588277184;2020-07-16 14:58:22;1594936703.896687;portrait
0.0536168650658909;-0.49037278801170486;-0.8491082115931632;0.030793262693094903;2020-07-16 14:58:22;1594936703.936625;portrait
0.05434249686020553;-0.47634966238041904;-0.852981239350238;0.02655576495956069;2020-07-16 14:58:22;1594936703.9761221;portrait
0.049169694046866545;-0.4658551612774487;-0.8607053844845325;0.0022090758980297664;2020-07-16 14:58:22;1594936704.0166314;portrait
0.037102810064412815;-0.45865614784519954;-0.873185389596945;0.08193536947052849;2020-07-16 14:58:22;1594936704.056134;portrait
0.017655648076518732;-0.45412141855926264;-0.8901998638831793;0.09021634117522837;2020-07-16 14:58:22;1594936704.095852;portrait
-0.008769630346306387;-0.4513670851098932;-0.9103239140004674;0.23906031065362754;2020-07-16 14:58:22;1594936704.137529;portrait
-0.040684521378812906;-0.44939765167530904;-0.9311915202342225;0.027472737228201538;2020-07-16 14:58:22;1594936704.176635;portrait
-0.07561419216847813;-0.44725278400166646;-0.9500357361813513;0.09884497374218881;2020-07-16 14:58:22;1594936704.218363;portrait
-0.11046975059659746;-0.4441674125559506;-0.9642987541852334;0.17012367059834332;2020-07-16 14:58:22;1594936704.258465;portrait
-0.1420438652329486;-0.43971999520282545;-0.9721275976633068;0.18804553289962203;2020-07-16 14:58:22;1594936704.295878;portrait
-0.16747761320493929;-0.43392548203841536;-0.9726793121563998;0.1722669784996782;2020-07-16 14:58:22;1594936704.3374062;portrait
-0.1846179995868294;-0.42723982372322467;-0.9662218325183811;0.15298847519703784;2020-07-16 14:58:22;1594936704.377376;portrait
-0.19224127983487896;-0.42047124129122115;-0.9540452036299294;0.14213630657479825;2020-07-16 14:58:22;1594936704.414623;portrait
-0.190136286971759;-0.41462305961236606;-0.9382208650139102;0.11854008961633511;2020-07-16 14:58:22;1594936704.456665;portrait
-0.17904777145841272;-0.41070360337713585;-0.9212603277040528;0.07130709636254551;2020-07-16 14:58:22;1594936704.49779;portrait
-0.16048914943085973;-0.4095343130862607;-0.9057300252778079;0.03225894603824031;2020-07-16 14:58:22;1594936704.5371752;portrait
-0.13645336831730073;-0.4115864669323193;-0.8938777292219806;0.007412701293617374;2020-07-16 14:58:22;1594936704.579808;portrait
-0.10907908811626095;-0.4168776470363298;-0.8873168364658416;0.010071512711469666;2020-07-16 14:58:22;1594936704.617248;portrait
-0.080349763900806;-0.4249513667105673;-0.8868025724580962;0.006154615008149733;2020-07-16 14:58:22;1594936704.656034;portrait
-0.05189061882990629;-0.4349486375590694;-0.8921263872647139;0.006424385124539356;2020-07-16 14:58:22;1594936704.696939;portrait
-0.024884074468580097;-0.44575973134192454;-0.9021462210688335;0.007119328714907169;2020-07-16 14:58:22;1594936704.736632;portrait
-8.053470117101388e-05;-0.45622205724492887;-0.9149494304889729;0.009556837024277343;2020-07-16 14:58:22;1594936704.776042;portrait
0.022134124685719094;-0.4653217928662524;-0.9281225251737515;0.005585292886973293;2020-07-16 14:58:22;1594936704.816184;portrait
0.04164424224630775;-0.47236689922386654;-0.9390940681439434;0.012154471258327249;2020-07-16 14:58:22;1594936704.856313;portrait
0.05850165129862988;-0.47711070649386556;-0.9455151890301636;0.0013657723962978707;2020-07-16 14:58:22;1594936704.8970618;portrait
0.07283038675213825;-0.4798063335056159;-0.945632302548399;0.03356259210305623;2020-07-16 14:58:22;1594936704.936069;portrait
0.08475457446139678;-0.48116660230902525;-0.9385960508626895;0.040060644493539854;2020-07-16 14:58:22;1594936704.977948;portrait
0.09435763465264209;-0.4822074591847115;-0.9246498329505145;0.0683105944236928;2020-07-16 14:58:22;1594936705.0174801;portrait
0.10166509351819532;-0.48398639487307576;-0.905150962151278;0.03351584502724591;2020-07-16 14:58:22;1594936705.0572698;portrait
0.10663030375493417;-0.48730318380928206;-0.882402698473992;0.030415817079472163;2020-07-16 14:58:22;1594936705.097188;portrait
0.10910663880999341;-0.4924590537408142;-0.8593196322343799;0.009775389389687916;2020-07-16 14:58:22;1594936705.136758;portrait
0.10881102327491439;-0.4991436217623018;-0.8389885067657875;0.01842463010746087;2020-07-16 14:58:22;1594936705.1771939;portrait
0.10530339880957548;-0.5064677125103473;-0.82419555446236;0.0028962095817490763;2020-07-16 14:58:22;1594936705.214693;portrait
0.09801061187694912;-0.5131248051284218;-0.8169841638691857;0.0033767185731079508;2020-07-16 14:58:22;1594936705.2566;portrait
0.08631486755918966;-0.5176469301915619;-0.8183118713387046;0.022194038830598114;2020-07-16 14:58:22;1594936705.3009472;portrait
0.0697108729796762;-0.5187051908387335;-0.8278838908529896;0.10161335735456589;2020-07-16 14:58:22;1594936705.336586;portrait
0.04800868934895531;-0.5153896357959316;-0.8442139966314556;0.06960943942437936;2020-07-16 14:58:22;1594936705.375832;portrait
0.021531100789880308;-0.507405156733846;-0.8648976773136741;0.08645015313840432;2020-07-16 14:58:22;1594936705.4138842;portrait
-0.008751705727439624;-0.4951470317389399;-0.8870244311823536;0.06702292325154957;2020-07-16 14:58:22;1594936705.4608462;portrait
-0.041188860374953874;-0.47965469602231303;-0.9076412640433407;0.02659095858556526;2020-07-16 14:58:22;1594936705.494025;portrait
-0.07353283981334018;-0.46246409446614406;-0.9241911465654614;0.038458394667785;2020-07-16 14:58:22;1594936705.5362039;portrait
-0.10313872690103033;-0.44538563761073285;-0.9348627927668108;0.13990686053057289;2020-07-16 14:58:22;1594936705.576479;portrait
-0.12725186976127437;-0.43023824970848684;-0.9387989589881569;0.06678084632376624;2020-07-16 14:58:22;1594936705.616808;portrait
-0.1433232109340114;-0.41857789277477964;-0.9361318200482514;0.0830435966037868;2020-07-16 14:58:22;1594936705.655098;portrait
-0.14927897160518258;-0.41146479067166475;-0.9278553686160926;0.057817355681521576;2020-07-16 14:58:22;1594936705.696312;portrait
-0.14370227550668457;-0.40930469399379404;-0.9155870532487884;0.042587099358115665;2020-07-16 14:58:22;1594936705.7355762;portrait
-0.12593109636674363;-0.41178008153674805;-0.9012811794354074;0.027760716323406598;2020-07-16 14:58:22;1594936705.7764294;portrait
-0.09610333952610398;-0.41787510227876856;-0.8869374217455667;0.02808968976587778;2020-07-16 14:58:22;1594936705.814478;portrait
-0.05517921394633652;-0.4259944991607207;-0.8743318124395999;0.04533679142966207;2020-07-16 14:58:22;1594936705.8578491;portrait
-0.004949614173535134;-0.43416807070258895;-0.8647980602238774;0.04846530006119565;2020-07-16 14:58:22;1594936705.896052;portrait
0.05199157374064101;-0.44031745531860744;-0.8590859638533789;0.04501987923947581;2020-07-16 14:58:22;1594936705.936462;portrait
0.11235416039735216;-0.44255267157511263;-0.8573069608214714;0.010732045381018906;2020-07-16 14:58:22;1594936705.976139;portrait
0.1723759555601312;-0.43946615244173554;-0.858957094583962;0.0803921873388731;2020-07-16 14:58:22;1594936706.015901;portrait
0.22817036643028538;-0.4303942333657602;-0.863003480627445;0.17534095868958133;2020-07-16 14:58:22;1594936706.0556538;portrait
0.27614995900901856;-0.4156126394521832;-0.8680326478483943;0.21737830156530435;2020-07-16 14:58:22;1594936706.096335;portrait
0.3134336894886544;-0.3964251141016172;-0.8724748016349945;0.2553997558828769;2020-07-16 14:58:22;1594936706.132798;portrait
0.33814514992005107;-0.37510054877370885;-0.8749136517675433;0.27665369014567887;2020-07-16 14:58:22;1594936706.17745;portrait
0.34955491846189063;-0.3546253548222485;-0.8744445501346683;0.23158706528591466;2020-07-16 14:58:22;1594936706.218538;portrait
0.348067650517409;-0.3382762417056071;-0.870977005740518;0.07652708638613603;2020-07-16 14:58:22;1594936706.256599;portrait
0.3350733278299462;-0.32907726645344276;-0.8653574454938741;0.03346069518741501;2020-07-16 14:58:22;1594936706.296466;portrait
0.3126929411081855;-0.3292520800633005;-0.8592410003832323;0.008646655202280584;2020-07-16 14:58:22;1594936706.337815;portrait
0.2834703987715389;-0.3397884051111367;-0.8547306121349401;0.02068033838789063;2020-07-16 14:58:22;1594936706.375924;portrait
0.25006929016213275;-0.3601973960912125;-0.8538858675648908;0.020312219596974046;2020-07-16 14:58:22;1594936706.415923;portrait
0.21501322114071408;-0.38850183801242627;-0.8582433174205318;0.0017165610338238935;2020-07-16 14:58:22;1594936706.4560928;portrait
0.18049711345266775;-0.42144967951943973;-0.8684649109518833;0.031379756550165894;2020-07-16 14:58:22;1594936706.495631;portrait
0.14830114651278234;-0.45492348338282884;-0.8841818730843215;0.08134111597092897;2020-07-16 14:58:22;1594936706.532366;portrait
0.11981380230319799;-0.4844907719952993;-0.9040567512879119;0.09415857789866067;2020-07-16 14:58:22;1594936706.5764296;portrait
0.09611739840007606;-0.5060234261038528;-0.9260276696659934;0.03046085177621194;2020-07-16 14:58:22;1594936706.615802;portrait
0.07807369678926368;-0.5163054287480214;-0.9476493967394767;0.12644657794271552;2020-07-16 14:58:22;1594936706.65235;portrait
0.0663843050109421;-0.513524670452521;-0.9664519888356982;0.011132282488119927;2020-07-16 14:58:22;1594936706.6912088;portrait
0.06163542716497543;-0.4975337372195682;-0.9802764526544966;0.09015495155889397;2020-07-16 14:58:22;1594936706.732475;portrait
0.06433801168412093;-0.4698158967207843;-0.9875671102419936;0.07537797264399515;2020-07-16 14:58:22;1594936706.7736812;portrait
0.07495949230843903;-0.43317182194634696;-0.9875967469439239;0.06411682502942995;2020-07-16 14:58:22;1594936706.8143358;portrait
0.09393023388101679;-0.39119666219797694;-0.9805931725234381;0.020136759715683183;2020-07-16 14:58:22;1594936706.857017;portrait
0.12160433744600924;-0.34765966434593526;-0.967734871937937;0.02276346359856518;2020-07-16 14:58:22;1594936706.893791;portrait
0.15816406226215005;-0.3059275284053737;-0.9509949672880185;0.013352731547122687;2020-07-16 14:58:22;1594936706.937378;portrait
0.20347739392352449;-0.26854181981951547;-0.9328444195418043;0.016995702402709867;2020-07-16 14:58:22;1594936706.973175;portrait
0.25694288365785745;-0.23698008724667172;-0.9158699539833564;0.016138220821915183;2020-07-16 14:58:22;1594936707.01594;portrait
0.3173697331561283;-0.21157195334646403;-0.9023890219941613;0.00025685891847615494;2020-07-16 14:58:22;1594936707.058172;portrait
0.3829296642692846;-0.19154339069198265;-0.8941342682267804;0.015087789809154373;2020-07-16 14:58:22;1594936707.09377;portrait
0.45119031376123153;-0.17519102704403308;-0.8920537401874586;0.04284667267214104;2020-07-16 14:58:22;1594936707.133743;portrait
0.5192206276288202;-0.16019009289977712;-0.8962501620999527;0.10373322063039582;2020-07-16 14:58:22;1594936707.171684;portrait
0.5837498552232226;-0.1440071357302524;-0.9060517825268712;0.11103644321232765;2020-07-16 14:58:22;1594936707.21153;portrait
0.6413541176156465;-0.12435926069677028;-0.9201703189313462;0.14047039111392223;2020-07-16 14:58:22;1594936707.250401;portrait
0.6886462409239966;-0.0996570947380595;-0.9368928067300827;0.1652415472890283;2020-07-16 14:58:22;1594936707.29269;portrait
0.7224642132861848;-0.06937341136121074;-0.9542831995527267;0.23502429368609154;2020-07-16 14:58:22;1594936707.331547;portrait
0.7400701259326224;-0.03427848756337977;-0.9703982724996384;0.23551229317257952;2020-07-16 14:58:22;1594936707.371572;portrait
0.7393636442302609;0.0035160905656012095;-0.9835222530671631;0.1830097694687538;2020-07-16 14:58:22;1594936707.4155269;portrait
0.7190978661478359;0.04074632789356404;-0.9924062446130814;0.02155605569942054;2020-07-16 14:58:22;1594936707.453455;portrait
0.6790830228564408;0.07341604494669787;-0.9964787288077409;0.20321647510535001;2020-07-16 14:58:22;1594936707.491761;portrait
0.620362745674287;0.09738604585184295;-0.9959774962153569;0.2814696071579803;2020-07-16 14:58:22;1594936707.5299704;portrait
0.5453267862379627;0.10901786740297766;-0.9919518200418401;0.3331173669252294;2020-07-16 14:58:22;1594936707.570408;portrait
0.45769869334797286;0.10574276503527089;-0.986110627676637;0.2403593584612338;2020-07-16 14:58:22;1594936707.6113698;portrait
0.3623468240974501;0.0864516385350402;-0.9805347184978961;0.09305363363742104;2020-07-16 14:58:22;1594936707.653573;portrait
0.26491987514456505;0.05165160188480846;-0.9772976825478908;0.02474090014827013;2020-07-16 14:58:22;1594936707.6913302;portrait
0.17136654295817158;0.003392483441349548;-0.9780519427150629;0.0041127868176715765;2020-07-16 14:58:22;1594936707.733954;portrait
0.08742408685284558;-0.05499071014494212;-0.9836527211575601;0.0002437219351847375;2020-07-16 14:58:22;1594936707.7737038;portrait
0.01814803674989591;-0.11926132106919118;-0.9939011248881016;0.012337660693646058;2020-07-16 14:58:22;1594936707.813755;portrait
-0.03247180464683636;-0.18474059822746924;-1.007465568836361;0.033169981321687914;2020-07-16 14:58:22;1594936707.8580954;portrait
-0.0617841632169345;-0.2468007228668194;-1.021999928813013;0.06185221754088843;2020-07-16 14:58:22;1594936707.8932116;portrait
-0.06862312138866203;-0.30134877023791384;-1.034442863731448;0.1052563842615939;2020-07-16 14:58:22;1594936707.932897;portrait
-0.053320272402331455;-0.3452518718257264;-1.0414621136845907;0.13952803020261229;2020-07-16 14:58:22;1594936707.9724882;portrait
-0.017577875097991916;-0.3766387145640789;-1.0399922993055821;0.12718995099453423;2020-07-16 14:58:22;1594936708.0128796;portrait
0.035795214514252154;-0.395003188679903;-1.0277950175972421;0.07864605656295609;2020-07-16 14:58:22;1594936708.059061;portrait
0.10326246349840996;-0.4010635713000383;-1.003940772643498;0.12199588071851508;2020-07-16 14:58:22;1594936708.092912;portrait
0.18099189880595368;-0.3964051229766298;-0.9690941892955902;0.10131615515672365;2020-07-16 14:58:22;1594936708.1357741;portrait
0.2652485494068989;-0.3830125781132846;-0.9255159795231106;0.08179792141163489;2020-07-16 14:58:22;1594936708.172483;portrait
0.35266206753211504;-0.36282531242427724;-0.8767772822958542;0.07794868654542597;2020-07-16 14:58:22;1594936708.2116768;portrait
0.4403309524987304;-0.3374136386597239;-0.8272637434869189;0.06100996066122377;2020-07-16 14:58:22;1594936708.252057;portrait
0.525780283276433;-0.30781737465228354;-0.7815839990021045;0.06411061895613202;2020-07-16 14:58:22;1594936708.2922368;portrait
0.6068274757459964;-0.2745436833457512;-0.7439883925420775;0.07132219812664431;2020-07-16 14:58:22;1594936708.3342562;portrait
0.6814209843973014;-0.237697230254932;-0.7178742114335122;0.08021145556904585;2020-07-16 14:58:22;1594936708.370977;portrait
0.7475057462341562;-0.19720241346090858;-0.7054248438262977;0.08698063545963919;2020-07-16 14:58:22;1594936708.4122438;portrait
0.8029486703631181;-0.1530704258325127;-0.7074075874575491;0.10292196687448651;2020-07-16 14:58:22;1594936708.456676;portrait
0.8455390538127242;-0.10566359552275448;-0.7231368942721278;0.10015189149404335;2020-07-16 14:58:22;1594936708.49265;portrait
0.8730680016414563;-0.055913984295290826;-0.7505961044715547;0.08857064647401103;2020-07-16 14:58:22;1594936708.532508;portrait
0.8834858277520493;-0.005460525824279187;-0.786703459816509;0.10620925098415057;2020-07-16 14:58:22;1594936708.57354;portrait
0.8751311405657154;0.04332378108978592;-0.827705661196606;0.09777333922103537;2020-07-16 14:58:22;1594936708.6129382;portrait
0.847015871805108;0.08743836293305067;-0.8696737019391121;0.016830995154350603;2020-07-16 14:58:22;1594936708.657138;portrait
0.7991355296887681;0.12350970030895597;-0.909049892877745;0.12937111564954762;2020-07-16 14:58:22;1594936708.691255;portrait
0.7327523070730553;0.1481816726010451;-0.9431545330263553;0.39924478148840586;2020-07-16 14:58:22;1594936708.732625;portrait
0.6505774736806184;0.1585850165062066;-0.9705367242010567;0.4259316307249037;2020-07-16 14:58:22;1594936708.7771962;portrait
0.5567763435323793;0.15278996189516195;-0.991083026851502;0.36182648055648414;2020-07-16 14:58:22;1594936708.812155;portrait
0.45674559260920283;0.13014020588932257;-1.005866438220616;0.13049963695415556;2020-07-16 14:58:22;1594936708.851826;portrait
0.3566681368936389;0.09140223923422074;-1.0167764943181625;0.050958615422104;2020-07-16 14:58:22;1594936708.893775;portrait
0.2629189546069682;0.03871926137521025;-1.0260014280650465;0.006222937212442048;2020-07-16 14:58:22;1594936708.931062;portrait
0.1814384957770994;-0.024599166043562878;-1.0354530684101335;0.0003627306587645762;2020-07-16 14:58:22;1594936708.976596;portrait
0.11718222477681164;-0.09440522482981695;-1.0462406759054987;0.005651911213902849;2020-07-16 14:58:22;1594936709.0125449;portrait
0.07371298162506947;-0.16611288314467668;-1.0582985256625381;0.010436328850364163;2020-07-16 14:58:22;1594936709.0528831;portrait
0.0529623371479593;-0.23512832865543581;-1.0702499940863588;0.028591567482799007;2020-07-16 14:58:22;1594936709.0929868;portrait
0.05516293256829388;-0.2972711834266447;-1.079556214932668;0.02278999970416606;2020-07-16 14:58:22;1594936709.1327631;portrait
0.07894073451735392;-0.34914083151706504;-1.0829510982154953;0.00659809454924698;2020-07-16 14:58:22;1594936709.175782;portrait
0.12154646103145997;-0.38837351503461587;-1.0771032372245708;0.03291676788995801;2020-07-16 14:58:22;1594936709.215383;portrait
0.17919794843061357;-0.41374220817947327;-1.0593769037768572;0.21850979961991612;2020-07-16 14:58:22;1594936709.251016;portrait
0.24749749103386812;-0.42508088619397416;-1.0285105839974764;0.15053980184809745;2020-07-16 14:58:22;1594936709.29594;portrait
0.32187187366696146;-0.4230630934397028;-0.985028349867477;0.22056609417617778;2020-07-16 14:58:22;1594936709.3319788;portrait
0.39796558311110314;-0.40891049859510115;-0.9312788911593523;0.18972372446093286;2020-07-16 14:58:22;1594936709.369573;portrait
0.47192841931062585;-0.3841104652228371;-0.8711278402506304;0.13034974389137233;2020-07-16 14:58:22;1594936709.4122784;portrait
0.5405824307477645;-0.35018174581879186;-0.8094215662897809;0.09091689818177429;2020-07-16 14:58:22;1594936709.4536738;portrait
0.601492585497749;-0.3084992375644709;-0.7513546446358229;0.09136693630824766;2020-07-16 14:58:22;1594936709.4944339;portrait
0.6529728309476542;-0.2601917347039342;-0.7018479107205047;0.06135937924192092;2020-07-16 14:58:22;1594936709.5311852;portrait
0.6940468404840493;-0.20612534336054433;-0.6650171771311436;0.06529389344046876;2020-07-16 14:58:22;1594936709.5660212;portrait
0.724372449577412;-0.14696768691516646;-0.643787616004585;0.041335824443535785;2020-07-16 14:58:22;1594936709.613287;portrait
0.7441359719252288;-0.08331387783220061;-0.6396804906951609;0.03744630578225383;2020-07-16 14:58:22;1594936709.655847;portrait
0.7539251267151936;-0.01585167345140032;-0.65276728945616;0.03278856106612693;2020-07-16 14:58:22;1594936709.691481;portrait
0.7545925755128156;0.05445868959031352;-0.6817587309610301;0.024683558565001817;2020-07-16 14:58:22;1594936709.73101;portrait
0.7471203492503057;0.1262213152261194;-0.7241857828079007;0.0042289191312150365;2020-07-16 14:58:22;1594936709.774895;portrait
0.73249278059482;0.1974965004386355;-0.7766440519648431;0.039356091660920356;2020-07-16 14:58:22;1594936709.813802;portrait
0.7115904736966039;0.2657824964752362;-0.835100011833129;0.0910564238409961;2020-07-16 14:58:22;1594936709.855887;portrait
0.6851249287062696;0.32810567774992866;-0.8952692935992413;0.13016779164627224;2020-07-16 14:58:22;1594936709.8934019;portrait
0.6536307841833922;0.38122003158284706;-0.9530522380825261;0.24736687576852034;2020-07-16 14:58:22;1594936709.9324381;portrait
0.6175216667640033;0.4219050503522211;-1.0049650590318104;0.31467105302434817;2020-07-16 14:58:22;1594936709.975915;portrait
0.5772055167921983;0.44733401995962685;-1.0484862345173658;0.38739968138541414;2020-07-16 14:58:22;1594936710.013085;portrait
0.5332471895096699;0.45545943469354094;-1.0822698976702398;0.4439357053882276;2020-07-16 14:58:22;1594936710.052283;portrait
0.48655297610497833;0.44535104156654226;-1.1062149663061185;0.5510084531655082;2020-07-16 14:58:22;1594936710.09156;portrait
0.4385246749427318;0.4174333403809255;-1.1213764796410444;0.9852736629623492;2020-07-16 14:58:22;1594936710.130343;portrait
0.3911014668598501;0.37357512117206226;-1.1296936791415102;0.11743687537602909;2020-07-16 14:58:22;1594936710.171592;portrait
0.34662646544931164;0.31698304526013105;-1.133539484413712;0.08609196747215718;2020-07-16 14:58:22;1594936710.210785;portrait
0.30756198003133256;0.25189354482340837;-1.1351628466889163;0.03625620751129688;2020-07-16 14:58:22;1594936710.2552311;portrait
0.27615596786976065;0.18313146298353733;-1.1361470511248661;0.013385860093642066;2020-07-16 14:58:22;1594936710.2908976;portrait
0.25415936164778047;0.11563065964997435;-1.1370120422799754;0.0016177447546965595;2020-07-16 14:58:22;1594936710.3315248;portrait
0.2426448308542008;0.05398296490292501;-1.1370591893208037;0.00790402808721069;2020-07-16 14:58:22;1594936710.3753262;portrait
0.24194195770750168;0.002054207218145654;-1.1345091897447939;0.02710352951794448;2020-07-16 14:58:22;1594936710.411541;portrait
0.25168546080233384;-0.037302393249939406;-1.1269213471938482;0.07373132469638222;2020-07-16 14:58:22;1594936710.451772;portrait
0.27095543380112136;-0.06240853314809171;-1.1118108818344004;0.08104505199622025;2020-07-16 14:58:22;1594936710.492586;portrait
0.29847057002880484;-0.07278133020678526;-1.0873160715070775;0.0609241281202344;2020-07-16 14:58:22;1594936710.530237;portrait
0.3327854162312536;-0.06901753255281563;-1.0527382128225666;0.04646221871325906;2020-07-16 14:58:22;1594936710.571343;portrait
0.372447097531547;-0.052575721385615275;-1.00881308141785;0.0011724083943676078;2020-07-16 14:58:22;1594936710.6103609;portrait
0.416084103551277;-0.02550631165335162;-0.9576648665788571;0.015386996830919484;2020-07-16 14:58:22;1594936710.650538;portrait
0.46242253279705403;0.00982309112147206;-0.9024934952493002;0.029284594795413454;2020-07-16 14:58:22;1594936710.690398;portrait
0.5102465296620439;0.05097010310083116;-0.8471063210613096;0.04262249301372378;2020-07-16 14:58:22;1594936710.734751;portrait
0.5583334941869388;0.09560320378435869;-0.7954133928117479;0.06923709236899356;2020-07-16 14:58:22;1594936710.769092;portrait
0.605396071303954;0.1416166304779042;-0.7509749685136948;0.0763791227815318;2020-07-16 14:58:22;1594936710.8101811;portrait
0.6500525778206623;0.18716921851893528;-0.7166430226490292;0.07091812728106106;2020-07-16 14:58:22;1594936710.849541;portrait
0.6908334335490045;0.23065368626382526;-0.6943053785381446;0.07415675011384337;2020-07-16 14:58:22;1594936710.890315;portrait
0.7262202946864177;0.2706194152754857;-0.6847354257815779;0.08953346959191677;2020-07-16 14:58:22;1594936710.930462;portrait
0.754708204801879;0.30568458841667767;-0.6875540625956574;0.10305977435919544;2020-07-16 14:58:22;1594936710.968176;portrait
0.7748810809589362;0.3344723034721669;-0.7013081186992671;0.1285403149169113;2020-07-16 14:58:22;1594936711.007972;portrait
0.785498035461288;0.3555920323574702;-0.7236637173156476;0.15710177241381373;2020-07-16 14:58:22;1594936711.049741;portrait
0.7855950061900498;0.36767476786709663;-0.7517029258548816;0.18955776199966579;2020-07-16 14:58:22;1594936711.089565;portrait
0.7746048478434038;0.36946238328595515;-0.7822972521754684;0.25008635900641707;2020-07-16 14:58:22;1594936711.130511;portrait
0.7524894351002716;0.35994482665948907;-0.8125169938006385;0.3108059877322944;2020-07-16 14:58:22;1594936711.170423;portrait
0.7198635118194463;0.33853152932438724;-0.8400166668687536;0.3702109884102356;2020-07-16 14:58:22;1594936711.210137;portrait
0.6780769520948454;0.30523618270431463;-0.8633179272405807;0.3570383253972551;2020-07-16 14:58:22;1594936711.2505438;portrait
0.6292176936031274;0.2608438646855625;-0.8819217123974487;0.25270359495621614;2020-07-16 14:58:22;1594936711.290666;portrait
0.5760097404198432;0.20701985650553598;-0.8962323757912762;0.20223208019952918;2020-07-16 14:58:22;1594936711.329335;portrait
0.5216079675580927;0.14632076987175513;-0.9073333640880118;0.11165352067570211;2020-07-16 14:58:22;1594936711.3692954;portrait
0.46932014757686435;0.08208329822949403;-0.9166788575972225;0.05397154116835168;2020-07-16 14:58:22;1594936711.408434;portrait
0.42230262550760084;0.01818803225756477;-0.9257615001196196;0.0018758280448594178;2020-07-16 14:58:22;1594936711.4492786;portrait
0.38327743004798487;-0.04127911441589723;-0.9358043201782276;0.0323473209542513;2020-07-16 14:58:22;1594936711.490638;portrait
0.35431014564513447;-0.09242061847224317;-0.9475111065066883;0.05182953450692196;2020-07-16 14:58:22;1594936711.527828;portrait
0.33667288388407385;-0.13191342601590536;-0.9608935496340029;0.053178934106114184;2020-07-16 14:58:22;1594936711.5688784;portrait
0.3307994434137347;-0.15732933189251588;-0.9751845026326726;0.05796825588748433;2020-07-16 14:58:22;1594936711.6154392;portrait
0.33632725686703013;-0.16735402007991002;-0.9888509284868658;0.06767119439229674;2020-07-16 14:58:22;1594936711.651508;portrait
0.35221543631125535;-0.16189091177228376;-0.9997288420380849;0.0909612898588108;2020-07-16 14:58:22;1594936711.689997;portrait
0.37692372640075994;-0.14204483305395568;-1.0052971612010855;0.12636796753838553;2020-07-16 14:58:22;1594936711.729073;portrait
0.408628599631966;-0.10998167118032927;-1.0030753556067158;0.08248310803415393;2020-07-16 14:58:22;1594936711.769953;portrait
0.4454450854041679;-0.06866681492866132;-0.9910823353173766;0.027470493735449963;2020-07-16 14:58:22;1594936711.810431;portrait
0.4856215011381402;-0.0215065249258846;-0.9682581738339332;0.0766474917931248;2020-07-16 14:58:22;1594936711.8488588;portrait
0.5276781545755213;0.02805380476534448;-0.9347443480930822;0.12519323830903772;2020-07-16 14:58:22;1594936711.88905;portrait
0.5704708622559719;0.07690286379101578;-0.8919489709023706;0.11645042294034624;2020-07-16 14:58:22;1594936711.927001;portrait
0.6131766140925686;0.12254541069819663;-0.8423857558147554;0.13367288026609003;2020-07-16 14:58:22;1594936711.9686909;portrait
0.6552147642039492;0.16325937550620545;-0.7893396286402174;0.11837310604357754;2020-07-16 14:58:22;1594936712.005918;portrait
0.6961254883734047;0.19812434239319512;-0.7364449483691917;0.0897058496052523;2020-07-16 14:58:22;1594936712.0491364;portrait
0.7354309503804193;0.22693757750908036;-0.6872619493019672;0.0868454643125105;2020-07-16 14:58:22;1594936712.08833;portrait
0.7725081436189656;0.2500464060268819;-0.6449181656807507;0.10045666517768836;2020-07-16 14:58:22;1594936712.128645;portrait
0.8065018834426936;0.2681317215339322;-0.6118510588910223;0.09520379188985117;2020-07-16 14:58:22;1594936712.170284;portrait
0.8362980068849373;0.2819746696666013;-0.589654441882559;0.0854962742164389;2020-07-16 14:58:22;1594936712.208442;portrait
0.8605642804811684;0.29223398056950517;-0.5790124796898319;0.07442620050395021;2020-07-16 14:58:22;1594936712.248938;portrait
0.8778543574157177;0.2992622610015007;-0.5797091240503311;0.07702995869021123;2020-07-16 14:58:22;1594936712.288567;portrait
0.8867591505727462;0.3029913983895072;-0.5907142708945552;0.0979701706660876;2020-07-16 14:58:22;1594936712.3295588;portrait
0.886081178931275;0.3029111171463445;-0.6103512317742433;0.14544121424246015;2020-07-16 14:58:22;1594936712.366312;portrait
0.8750024984964091;0.2981477572498849;-0.6365386869405802;0.17301524650322622;2020-07-16 14:58:22;1594936712.4098911;portrait
0.8532181955186305;0.2876290602077521;-0.6670824572137516;0.19891037634818076;2020-07-16 14:58:22;1594936712.449765;portrait
0.8210180035232812;0.27030660028784187;-0.6999725241443736;0.2712003700541387;2020-07-16 14:58:22;1594936712.4892302;portrait
0.7793141945855391;0.24540297692382299;-0.7336230472915776;0.21562281529513427;2020-07-16 14:58:22;1594936712.5292866;portrait
0.7296238216696028;0.21264767418293368;-0.7669985848840589;0.200436441100603;2020-07-16 14:58:22;1594936712.5696502;portrait
0.6740133999390697;0.17246222265189576;-0.7996108723204832;0.19178835845472975;2020-07-16 14:58:22;1594936712.608285;portrait
0.6150069499196761;0.12605890627249597;-0.8314151737395178;0.16346667995809838;2020-07-16 14:58:22;1594936712.650373;portrait
0.5554489152868193;0.07542853774461253;-0.8626439224811612;0.0656534844699479;2020-07-16 14:58:22;1594936712.686626;portrait
0.4983135336216131;0.023210495184308892;-0.8936004115678634;0.0012247640439113638;2020-07-16 14:58:22;1594936712.72877;portrait
0.44647065112992584;-0.027536574814662935;-0.924434527777687;0.0190198658879126;2020-07-16 14:58:22;1594936712.765662;portrait
0.4024428648172802;-0.07362168589886858;-0.9549373562530671;0.025788871734107488;2020-07-16 14:58:22;1594936712.811894;portrait
0.3681996271145287;-0.11202011851464387;-0.9843954632209629;0.03164015189945246;2020-07-16 14:58:22;1594936712.848002;portrait
0.34502570141456046;-0.1401535343615472;-1.0115329080738755;0.04650307249535501;2020-07-16 14:58:22;1594936712.8874161;portrait
0.33348269458368;-0.15613785199403132;-1.0345551845517582;0.07577859879990355;2020-07-16 14:58:22;1594936712.928443;portrait
0.33346107980207107;-0.15898477443838424;-1.0513010933023685;0.11760788221437224;2020-07-16 14:58:22;1594936712.967958;portrait
0.3443014891275054;-0.14872804333496933;-1.0594989586492762;0.11931296767215827;2020-07-16 14:58:22;1594936713.00848;portrait
0.3649534915655241;-0.12643492009981466;-1.0571070657619805;0.12393014553193638;2020-07-16 14:58:22;1594936713.04773;portrait
0.39413996814000285;-0.0940743124127448;-1.0426956156410754;0.05038886448705426;2020-07-16 14:58:22;1594936713.087245;portrait
0.43050065088921946;-0.05424729844542858;-1.0157992908392826;0.02836816045291357;2020-07-16 14:58:22;1594936713.126004;portrait
0.47269314416134434;-0.009829346170414073;-0.9771459775803863;0.06717669825576422;2020-07-16 14:58:22;1594936713.168005;portrait
0.5194369015056035;0.03639809841409586;-0.9286807666791453;0.09808537596001089;2020-07-16 14:58:22;1594936713.2080634;portrait
0.5694998456237086;0.08205235639238938;-0.8733687476865997;0.11147234349242297;2020-07-16 14:58:22;1594936713.2471302;portrait
0.6216420255379974;0.12534240892966456;-0.8148331408118104;0.09511009203535536;2020-07-16 14:58:22;1594936713.286298;portrait
0.6745380864566441;0.16513101876232977;-0.7569190173818255;0.09064307075493616;2020-07-16 14:58:22;1594936713.327081;portrait
0.726701580214701;0.20087268696774077;-0.7032668443735313;0.07736221953911127;2020-07-16 14:58:22;1594936713.367813;portrait
0.7764325487535644;0.23245504570458206;-0.656957802485542;0.08136516471716959;2020-07-16 14:58:22;1594936713.408454;portrait
0.8218066054262961;0.25998315493819224;-0.6202673903378516;0.07981445118629082;2020-07-16 14:58:22;1594936713.4493198;portrait
0.8607188204651118;0.2835482753801998;-0.5945399362878545;0.06737182396864227;2020-07-16 14:58:22;1594936713.488184;portrait
0.8909877915767224;0.3030217283608568;-0.5801790128945876;0.07138404836359769;2020-07-16 14:58:22;1594936713.527808;portrait
0.9105151880137554;0.31791429691623324;-0.5767396250797141;0.09698770597788098;2020-07-16 14:58:22;1594936713.568196;portrait
0.9174861960516763;0.327336290404471;-0.5831044010753662;0.11821210265928171;2020-07-16 14:58:22;1594936713.6095679;portrait
0.9105878615533821;0.3300762224143129;-0.5977246798989635;0.1774045873998631;2020-07-16 14:58:22;1594936713.6513438;portrait
0.8892166069192302;0.32479046920553223;-0.6189034981883538;0.3245522939105214;2020-07-16 14:58:22;1594936713.684177;portrait
0.8536433515203363;0.31027036913902034;-0.6450802196165654;0.3293468782031184;2020-07-16 14:58:22;1594936713.725853;portrait
0.8051047217835909;0.28573379932862664;-0.6750526363993375;0.26758318770987444;2020-07-16 14:58:22;1594936713.7687972;portrait
0.7457962162308521;0.25108293039345264;-0.7080776385864118;0.2528951296710673;2020-07-16 14:58:22;1594936713.8084831;portrait
0.6787582983879101;0.20708086952582833;-0.7438364486156054;0.20089436481853795;2020-07-16 14:58:22;1594936713.848123;portrait
0.6076602137611067;0.15541876562509885;-0.7822920466452066;0.12858113608933763;2020-07-16 14:58:22;1594936713.8871632;portrait
0.5364975030923316;0.09866208425628566;-0.8234776696244872;0.05508336875209352;2020-07-16 14:58:22;1594936713.928894;portrait
0.46923591606224374;0.04007905371648417;-0.8672595524619661;0.015877010234277122;2020-07-16 14:58:22;1594936713.965452;portrait
0.4094524011692107;-0.01663047089166992;-0.9131276475453446;0.0077283956555440625;2020-07-16 14:58:22;1594936714.00526;portrait
0.36002863186587153;-0.067672333744472;-0.9600637811183255;0.027647509304927098;2020-07-16 14:58:22;1594936714.0442884;portrait
0.322940344988602;-0.10951902889236086;-1.0065087097965795;0.04887587413833217;2020-07-16 14:58:22;1594936714.08519;portrait
0.2991635100204942;-0.13925083457046936;-1.0504180758389887;0.05311463287151241;2020-07-16 14:58:22;1594936714.12517;portrait
0.2886947416535719;-0.15483990185780852;-1.0893828249016557;0.0675823554647792;2020-07-16 14:58:22;1594936714.166243;portrait
0.2906670129453052;-0.15535108685997098;-1.1207960341585728;0.07478377620525833;2020-07-16 14:58:22;1594936714.206234;portrait
0.30353533446003483;-0.14104434806724903;-1.1420641098546642;0.09316330903095604;2020-07-16 14:58:22;1594936714.2468948;portrait
0.32530566028732816;-0.11336998132441094;-1.1508676429294784;0.10799870483225504;2020-07-16 14:58:22;1594936714.2873812;portrait
0.3537814539094584;-0.07484799663719564;-1.1454663287278577;0.09963371886978933;2020-07-16 14:58:22;1594936714.3278642;portrait
0.3868062755643326;-0.028822634757382094;-1.1250163733471523;0.0025728723806821563;2020-07-16 14:58:22;1594936714.3668618;portrait
0.4224809973893814;0.020900227922836828;-1.0898348653322352;0.12227593412755766;2020-07-16 14:58:22;1594936714.4068608;portrait
0.45932747785017913;0.07048461436209434;-1.0415239598661894;0.18245154758506033;2020-07-16 14:58:22;1594936714.444375;portrait
0.4963689704668114;0.11647893034182417;-0.9828914784995914;0.14657314516792755;2020-07-16 14:58:22;1594936714.4859211;portrait
0.5331127607691434;0.15612752915053466;-0.9176741558966122;0.12877362836389494;2020-07-16 14:58:22;1594936714.525419;portrait
0.5694444398252319;0.18753449808346354;-0.850133948657267;0.10637098045572202;2020-07-16 14:58:22;1594936714.566139;portrait
0.6054599894490017;0.20968562119260875;-0.7846136650716232;0.08886692389391726;2020-07-16 14:58:22;1594936714.60805;portrait
0.6412683467678425;0.22236499112399127;-0.7251172017541604;0.0758712475257397;2020-07-16 14:58:22;1594936714.6494448;portrait
0.6767999356034767;0.2260076833002492;-0.6749547551550646;0.07622120691738843;2020-07-16 14:58:22;1594936714.6866732;portrait
0.7116561124270679;0.22152087608823862;-0.6364779762366832;0.06363364810465555;2020-07-16 14:58:22;1594936714.726773;portrait
0.7450251608995043;0.21009547514057547;-0.6109206505122599;0.05448446733780088;2020-07-16 14:58:22;1594936714.765903;portrait
0.7756749108431369;0.1930253623024029;-0.5983541175697459;0.04917575020768439;2020-07-16 14:58:22;1594936714.807787;portrait
0.8020192705708056;0.17155004365810173;-0.5977654145019144;0.0380854218769997;2020-07-16 14:58:22;1594936714.8471751;portrait
0.8222494018409353;0.14673401112154258;-0.6072667821102675;0.038858479381687516;2020-07-16 14:58:22;1594936714.8869789;portrait
0.834517699143572;0.11939289337666524;-0.6244324243127319;0.037684669978858665;2020-07-16 14:58:22;1594936714.92767;portrait
0.8371613195377285;0.09007409098439662;-0.6467218461843585;0.02214515936719863;2020-07-16 14:58:22;1594936714.9670758;portrait
0.8289473535710858;0.05909588886354772;-0.6719046517383661;0.04507657308101898;2020-07-16 14:58:22;1594936715.005666;portrait
0.8093095235633341;0.02664123608093487;-0.6983833080866936;0.040621974629715396;2020-07-16 14:58:22;1594936715.0461721;portrait
0.7785320599593457;-0.007109605687388705;-0.7253391452046061;0.036770954442260965;2020-07-16 14:58:22;1594936715.090087;portrait
0.737835489541993;-0.04183511097071276;-0.7526882185076875;0.023398609310245178;2020-07-16 14:58:22;1594936715.125784;portrait
0.6893373451949731;-0.07694938270639365;-0.7808863957162994;0.002735345416269297;2020-07-16 14:58:22;1594936715.17086;portrait
0.6358874075929056;-0.11152713578451666;-0.8106416811435049;0.016591549408815354;2020-07-16 14:58:22;1594936715.2039518;portrait
0.5808005883890471;-0.14429389114726407;-0.8425895495096357;0.028218580039833796;2020-07-16 14:58:22;1594936715.246803;portrait
0.5275267650909747;-0.17368840465039298;-0.8769845992155428;0.0453266605956557;2020-07-16 14:58:22;1594936715.2862089;portrait
0.47930418981243406;-0.19799528236730946;-0.9134594877833451;0.05458236724780363;2020-07-16 14:58:22;1594936715.328577;portrait
0.4388425193647608;-0.21553481663717217;-0.9508934364066505;0.06317423729377936;2020-07-16 14:58:22;1594936715.36363;portrait
0.40807671721326283;-0.2248837906315651;-0.9874182552439731;0.07490135001511078;2020-07-16 14:58:22;1594936715.402674;portrait
0.38802581753227544;-0.2250899843473964;-1.020570791886866;0.08077140434176044;2020-07-16 14:58:22;1594936715.44589;portrait
0.3787788839509193;-0.2158419140473351;-1.0475763677126368;0.07552181707843886;2020-07-16 14:58:22;1594936715.486007;portrait
0.37961229901597965;-0.1975677414949213;-1.065722067812667;0.17635658561250267;2020-07-16 14:58:22;1594936715.525708;portrait
0.38921751659747317;-0.17145219870983502;-1.0727557278479776;0.16457041864040178;2020-07-16 14:58:22;1594936715.5672;portrait
0.40599011333055995;-0.13936390556680214;-1.067231316358263;0.12524356177313223;2020-07-16 14:58:22;1594936715.605391;portrait
0.42831389439160444;-0.10368766144602269;-1.048730341757488;0.055237899734521534;2020-07-16 14:58:22;1594936715.6482;portrait
0.4547857108139617;-0.06707340804260975;-1.0179281375649667;0.005410091788618843;2020-07-16 14:58:22;1594936715.686564;portrait
0.48435962537189725;-0.03213742707056333;-0.9765158162692328;0.0556899468099914;2020-07-16 14:58:22;1594936715.727042;portrait
0.5164111388774835;-0.0011660750138013766;-0.9270061961084948;0.06523880480648359;2020-07-16 14:58:22;1594936715.7632296;portrait
0.5507211302923116;0.02412670618298152;-0.8724545894654634;0.07296820545352034;2020-07-16 14:58:22;1594936715.80604;portrait
0.5873757596244233;0.04274931384222978;-0.8161320201967484;0.06058435490484726;2020-07-16 14:58:22;1594936715.845716;portrait
0.6265898076031075;0.05447197245434367;-0.7611964196649946;0.04533978252112547;2020-07-16 14:58:22;1594936715.885185;portrait
0.6684800761069716;0.05975859230165113;-0.7104060606888668;0.028440857100939354;2020-07-16 14:58:22;1594936715.9265199;portrait
0.7128299701130838;0.059609892398655884;-0.6659083769203881;0.013210839840695597;2020-07-16 14:58:22;1594936715.96401;portrait
0.758890657767382;0.055348173730746957;-0.6291216218865596;0.0022169990874374434;2020-07-16 14:58:22;1594936716.0034401;portrait
0.8052576052554812;0.048380232705771305;-0.6007114329990036;0.009330612663916327;2020-07-16 14:58:22;1594936716.0459368;portrait
0.8498482186079304;0.03997441743959125;-0.5806527238847085;0.017265484670474507;2020-07-16 14:58:22;1594936716.083599;portrait
0.8899934973012934;0.031081874364729922;-0.5683608112571914;0.02419579546400996;2020-07-16 14:58:22;1594936716.123733;portrait
0.9226450764998851;0.022223058041467597;-0.5628736378276847;0.020876813425878993;2020-07-16 14:58:22;1594936716.1641018;portrait
0.9446857390315753;0.013450406733387417;-0.563067258069571;0.03675904838760857;2020-07-16 14:58:22;1594936716.2060769;portrait
0.9533168239509195;0.004389599016361532;-0.5678861645390583;0.05644322600346641;2020-07-16 14:58:22;1594936716.243922;portrait
0.9464790164465654;-0.005642816290827332;-0.5765615979111566;0.003321779176530981;2020-07-16 14:58:22;1594936716.2868;portrait
0.9232385110838446;-0.017454821861830144;-0.5887725615296996;0.06071152984401351;2020-07-16 14:58:22;1594936716.3238618;portrait
0.8840504400121688;-0.0317544818213972;-0.6046975380076711;0.021439787163330948;2020-07-16 14:58:22;1594936716.363653;portrait
0.8308256805164964;-0.04893017375400021;-0.6249335719113038;0.02682386821901161;2020-07-16 14:58:22;1594936716.405499;portrait
0.7667791765732825;-0.06887828045022737;-0.6503053717479135;0.012626263045852681;2020-07-16 14:58:22;1594936716.442982;portrait
0.696095701317923;-0.0909044789568323;-0.6816145125728179;0.004324315214745411;2020-07-16 14:58:22;1594936716.4874349;portrait
0.623486118255392;-0.11371182008517342;-0.7193831399908077;0.006903743736472734;2020-07-16 14:58:22;1594936716.5238216;portrait
0.5537162751940042;-0.13548269229016927;-0.7636390943002489;0.02377548755614356;2020-07-16 14:58:22;1594936716.5659454;portrait
0.49117471157951065;-0.1540539482850562;-0.8137718050330465;0.03882145281809812;2020-07-16 14:58:22;1594936716.6035318;portrait
0.4395188343183133;-0.1671713866127859;-0.8684663387284037;0.06565498963311711;2020-07-16 14:58:22;1594936716.647522;portrait
0.40141756020479613;-0.17279359566380306;-0.9257089534083999;0.06697612138215447;2020-07-16 14:58:22;1594936716.68368;portrait
0.37839625486382056;-0.16940048504185232;-0.9828566032733649;0.07305881905816136;2020-07-16 14:58:22;1594936716.7238932;portrait
0.3707857939127777;-0.1562542761472498;-1.0367721772128378;0.08601045234243543;2020-07-16 14:58:22;1594936716.767414;portrait
0.37777726100082276;-0.1335640162712354;-1.084035901502739;0.08564193131805098;2020-07-16 14:58:22;1594936716.804229;portrait
0.3975808284099467;-0.10251844612303171;-1.121237350786471;0.08503712196911906;2020-07-16 14:58:22;1594936716.841084;portrait
0.4276801205056388;-0.06517229467882514;-1.1453312327358751;0.08258215981502559;2020-07-16 14:58:22;1594936716.8876472;portrait
0.46516133925422093;-0.024195081154667026;-1.1540116157649107;0.05639921986659857;2020-07-16 14:58:22;1594936716.92525;portrait
0.5070782084268378;0.01747934439317004;-1.1460316049530628;0.11605030422657592;2020-07-16 14:58:22;1594936716.961138;portrait
0.5507980070860247;0.05703509671633726;-1.1213895781419585;0.20224628365895114;2020-07-16 14:58:22;1594936717.0016232;portrait
0.5942744239976241;0.09210954905122147;-1.0813365772127088;0.18230764781571196;2020-07-16 14:58:22;1594936717.045616;portrait
0.6362095124589078;0.1210204447115587;-1.0282113682276475;0.18633697084428746;2020-07-16 14:58:22;1594936717.0833;portrait
0.6760871398985063;0.1428588915199462;-0.9651464341938628;0.13704318500088064;2020-07-16 14:58:22;1594936717.125216;portrait
0.7140775554210964;0.15745441769902652;-0.8957077133301828;0.0988043778357337;2020-07-16 14:58:22;1594936717.165416;portrait
0.7508302731783311;0.1652385173226523;-0.8235410676051541;0.06255209855905264;2020-07-16 14:58:22;1594936717.2030802;portrait
0.7871906300991898;0.16704545110528987;-0.752088156763141;0.06136284479398668;2020-07-16 14:58:22;1594936717.243458;portrait
0.8238876746946044;0.16389450914431258;-0.6843997443902241;0.047146389856891346;2020-07-16 14:58:22;1594936717.282998;portrait
0.8612431135820622;0.15679261809705808;-0.6230362664828228;0.033667121078835294;2020-07-16 14:58:22;1594936717.325136;portrait
0.8989453046139311;0.1465839484111382;-0.5700246277976592;0.03539693106517916;2020-07-16 14:58:22;1594936717.362451;portrait
0.9359226093005557;0.13386140616509706;-0.5268412297545356;0.04410291824807899;2020-07-16 14:58:22;1594936717.403264;portrait
0.9703370985160981;0.1189429042876005;-0.49440806495761086;0.03211381503327004;2020-07-16 14:58:22;1594936717.446529;portrait
0.9997052439969641;0.10190336162819072;-0.47310920914379084;0.018895278587365283;2020-07-16 14:58:22;1594936717.4835026;portrait
1.0211421756922918;0.08264961503168353;-0.4628433244475117;0.03840343831434723;2020-07-16 14:58:22;1594936717.522315;portrait
1.0317140552195452;0.06102913668199342;-0.4631151970191368;0.07139220944615943;2020-07-16 14:58:22;1594936717.563143;portrait
1.0288582097249663;0.03696066019818057;-0.4731479086814234;0.03810983198775375;2020-07-16 14:58:22;1594936717.603082;portrait
1.0108061440539804;0.010564051222347963;-0.49199213728412494;0.027168337420580002;2020-07-16 14:58:22;1594936717.644164;portrait
0.9769442551459868;-0.017735790812985524;-0.5186263884503102;0.025502728756272575;2020-07-16 14:58:22;1594936717.6829;portrait
0.9280634168809424;-0.0471464897477168;-0.5520537230005629;0.01931541042324625;2020-07-16 14:58:22;1594936717.7199314;portrait
0.8664579798897721;-0.07649441252869994;-0.5913840824071572;0.0196876545762521;2020-07-16 14:58:22;1594936717.7634091;portrait
0.7958413549329805;-0.10426474031495804;-0.635869830393785;0.042067393636642685;2020-07-16 14:58:22;1594936717.802794;portrait
0.7210667830393737;-0.12869672436794252;-0.6848699175973437;0.06148863401446647;2020-07-16 14:58:22;1594936717.8419619;portrait
0.6476737657842724;-0.1479274752432045;-0.7377462664696478;0.06996573896233826;2020-07-16 14:58:22;1594936717.8817658;portrait
0.5813087916125751;-0.16017057470087473;-0.7937142078461363;0.05851517042992782;2020-07-16 14:58:22;1594936717.9264581;portrait
0.527092457636036;-0.16391197915563777;-0.8516741519479571;0.037511710729631886;2020-07-16 14:58:22;1594936717.9623508;portrait
0.4890246829562334;-0.15810457244947615;-0.9100587359118998;0.037136047082242385;2020-07-16 14:58:22;1594936718.003912;portrait
0.4695253715606729;-0.14234153588097317;-0.9667363029840398;0.04366491029026065;2020-07-16 14:58:22;1594936718.042336;portrait
0.4691892712554641;-0.11698425350915066;-1.0190055353857375;0.04502235656545395;2020-07-16 14:58:22;1594936718.085676;portrait
0.4867907092702521;-0.08322002652482136;-1.0636999213579132;0.064379931970592;2020-07-16 14:58:22;1594936718.122256;portrait
0.5195196253102102;-0.04303709407451913;-1.0974041177181808;0.07455850086540039;2020-07-16 14:58:22;1594936718.1623569;portrait
0.56338965510564;0.0008823235339158351;-1.1167679678393438;0.05122444197370867;2020-07-16 14:58:22;1594936718.2062259;portrait
0.6137505536224258;0.04535054784080894;-1.1188891265358138;0.04292208585141566;2020-07-16 14:58:22;1594936718.242731;portrait
0.6658547504436745;0.08694858238834699;-1.101723609966986;0.1041196439865999;2020-07-16 14:58:22;1594936718.281888;portrait
0.7154428765426022;0.12237900429508465;-1.0644694108818613;0.3734292058085842;2020-07-16 14:58:22;1594936718.324203;portrait
0.7592995141733067;0.14885776161881908;-1.0078538840061757;0.5427489188094015;2020-07-16 14:58:22;1594936718.363359;portrait
0.7956940231477374;0.164466810957017;-0.9342549772080943;0.5388138018510489;2020-07-16 14:58:22;1594936718.4052632;portrait
0.8246000278300816;0.1683790298131177;-0.8476086737928947;0.3097580030671594;2020-07-16 14:58:22;1594936718.441541;portrait
0.8476124093836043;0.16089956883256679;-0.7530990717040779;0.16673316045275044;2020-07-16 14:58:22;1594936718.482976;portrait
0.8675453059248238;0.14332443537425935;-0.6566779031399264;0.07323003586805044;2020-07-16 14:58:22;1594936718.521791;portrait
0.8877680848939586;0.11766511560333501;-0.5644920903362182;0.005276590737850029;2020-07-16 14:58:22;1594936718.560655;portrait
0.9113992426728892;0.08630997651376021;-0.4823016241315214;0.006334181682632334;2020-07-16 14:58:22;1594936718.6065679;portrait
0.9405194603241895;0.05169193566500863;-0.41495736395315536;0.0024665328286488375;2020-07-16 14:58:22;1594936718.64269;portrait
0.9755635122627858;0.016013359067891902;-0.36599324556367174;0.011413381946212553;2020-07-16 14:58:22;1594936718.6820571;portrait
1.0150034968176718;-0.01894855503492584;-0.33737341101176194;0.01210147679363871;2020-07-16 14:58:22;1594936718.719944;portrait
1.0553787338219032;-0.051949928459800544;-0.3294169056539099;0.025805718896780405;2020-07-16 14:58:22;1594936718.763583;portrait
1.091684115176005;-0.0822979030063994;-0.34089897680616693;0.02014802406027627;2020-07-16 14:58:22;1594936718.8052962;portrait
1.1180789312144332;-0.10978180447393959;-0.3693067209867883;0.03482702222913758;2020-07-16 14:58:22;1594936718.842391;portrait
1.1288129168932284;-0.13454220332667036;-0.41121674712975187;0.06130496659469742;2020-07-16 14:58:22;1594936718.882211;portrait
1.1192156340024921;-0.15691432157862192;-0.46276058407985626;0.13785852151303146;2020-07-16 14:58:22;1594936718.922338;portrait
1.086583290815034;-0.17727387255982802;-0.5201328613076579;0.1586472402046013;2020-07-16 14:58:22;1594936718.96305;portrait
1.0308123244596965;-0.19589971773613019;-0.5800681999485006;0.15990231609976036;2020-07-16 14:58:22;1594936719.001807;portrait
0.9546546426878589;-0.21286547021372307;-0.6401890813735902;0.17942830427003997;2020-07-16 14:58:22;1594936719.047852;portrait
0.8635196275098854;-0.22797531318121575;-0.6991452518856602;0.16989930562970554;2020-07-16 14:58:22;1594936719.081727;portrait
0.7648410945789159;-0.2407522645560479;-0.7565229620272003;0.1240545448415844;2020-07-16 14:58:22;1594936719.121315;portrait
0.6671292240328417;-0.2504728302415176;-0.8125601013893113;0.08088665334582856;2020-07-16 14:58:22;1594936719.161787;portrait
0.5788813090988473;-0.2562356897950338;-0.8677347862104453;0.052404339951358736;2020-07-16 14:58:22;1594936719.20631;portrait
0.5075233561648198;-0.25705438869602165;-0.9223042145371119;0.026563571372015815;2020-07-16 14:58:22;1594936719.242026;portrait
0.4585270082590679;-0.2519658963116063;-0.9758740564581071;0.004145267637017724;2020-07-16 14:58:22;1594936719.28199;portrait
0.4348106507781797;-0.24015228073564826;-1.0270863923630353;0.007197416823430558;2020-07-16 14:58:22;1594936719.325484;portrait
0.43649256022154337;-0.22108268359469724;-1.0735136475685023;0.046349857531744476;2020-07-16 14:58:22;1594936719.361877;portrait
0.4610195562044011;-0.19467408039864645;-1.1118110615958778;0.07934002934606355;2020-07-16 14:58:22;1594936719.401711;portrait
0.5036476300825634;-0.16143648445861783;-1.1381134108913067;0.13031976841666904;2020-07-16 14:58:22;1594936719.442049;portrait
0.5582014534482841;-0.12255250571878606;-1.1485993618745944;0.2214457006491486;2020-07-16 14:58:22;1594936719.4845688;portrait
0.6179945491415858;-0.07986322917286842;-1.1401091749420758;0.30447750681312863;2020-07-16 14:58:22;1594936719.521606;portrait
0.6767668091529196;-0.03575245211499992;-1.1106913028568752;0.2632075278256991;2020-07-16 14:58:22;1594936719.560543;portrait
0.729499254714991;0.007082420486405604;-1.0599864539909287;0.2234009947746074;2020-07-16 14:58:22;1594936719.6054802;portrait
0.772992353388478;0.04596839057608565;-0.9894150012515777;0.41533715072543487;2020-07-16 14:58:22;1594936719.642194;portrait
0.8061372028909228;0.07863733294351874;-0.902160449245005;0.348863386502849;2020-07-16 14:58:22;1594936719.685279;portrait
0.8298581122887358;0.10353252620845399;-0.8029429806692465;0.17155163911266413;2020-07-16 14:58:22;1594936719.723217;portrait
0.8467477857182788;0.1199515154364616;-0.6975991352440298;0.11647960025194948;2020-07-16 14:58:22;1594936719.761354;portrait
0.8604518847710556;0.12801362073292422;-0.5925232835870192;0.05281319619276559;2020-07-16 14:58:22;1594936719.8056989;portrait
0.874893915412976;0.12849762663284672;-0.49405273277401973;0.015092175814061193;2020-07-16 14:58:22;1594936719.845736;portrait
0.8934617703521375;0.12260806776837586;-0.4078829448782381;0.00968222502743643;2020-07-16 14:58:22;1594936719.881148;portrait
0.9182927448571969;0.11172086147912322;-0.3385885106874618;0.0006574520407127693;2020-07-16 14:58:22;1594936719.9204922;portrait
0.9497814788169767;0.09714941152192287;-0.28930262984193483;0.003178194801364498;2020-07-16 14:58:22;1594936719.9615948;portrait
0.986391714373233;0.0799649289942304;-0.26157280093594576;0.0016849323839522867;2020-07-16 14:58:22;1594936720.00458;portrait
1.02479006213447;0.06089578770010681;-0.2553718976345314;0.006917585337067323;2020-07-16 14:58:22;1594936720.0415359;portrait
1.0602618119040776;0.04031193248306217;-0.26922635528378597;0.0009271309093250578;2020-07-16 14:58:22;1594936720.0850658;portrait
1.0873401382538495;0.01827944134612127;-0.3004408633553654;0.005801140223297807;2020-07-16 14:58:22;1594936720.1218061;portrait
1.1005823852747945;-0.005334374308213733;-0.3454264369665763;0.00846195499054403;2020-07-16 14:58:22;1594936720.162075;portrait
1.0954261538860246;-0.030718918538324383;-0.400132014678074;0.005674130037768066;2020-07-16 14:58:22;1594936720.202096;portrait
1.0690225107307052;-0.05795890628070661;-0.4605313350285602;0.07508359560850053;2020-07-16 14:58:22;1594936720.2368796;portrait
1.0208942420486407;-0.08688513550044831;-0.5230719065111425;0.026614773171036887;2020-07-16 14:58:22;1594936720.27636;portrait
0.9532603600876569;-0.11697425074679395;-0.584993876162577;0.05194704982500298;2020-07-16 14:58:22;1594936720.3172052;portrait
0.8709330508497335;-0.14732103810752267;-0.6444659094093974;0.08116447906729718;2020-07-16 14:58:22;1594936720.356882;portrait
0.7807975614215215;-0.1766846005607776;-0.7005327796956122;0.08799968786058798;2020-07-16 14:58:22;1594936720.396332;portrait
0.6909718105237825;-0.20359510570464112;-0.7529091710338832;0.07618994695272363;2020-07-16 14:58:22;1594936720.4377;portrait
0.6097861156095501;-0.22650441622256193;-0.8016766171419211;0.06177009798049582;2020-07-16 14:58:22;1594936720.4778259;portrait
0.5447366304170349;-0.24396261206021358;-0.8469407202419752;0.045084156247412466;2020-07-16 14:58:22;1594936720.516994;portrait
0.5015608107796066;-0.2547962540102487;-0.8884955083878889;0.031332892822142355;2020-07-16 14:58:22;1594936720.55879;portrait
0.48355752764017984;-0.2582587704353757;-0.9255394708194159;0.018928800010641567;2020-07-16 14:58:22;1594936720.598476;portrait
0.49123161333625676;-0.254130347451067;-0.9564994902884023;0.02555732629303975;2020-07-16 14:58:22;1594936720.638028;portrait
0.5222991094304228;-0.24276150207912628;-0.9790292813186607;0.05561216937593372;2020-07-16 14:58:22;1594936720.680805;portrait
0.5720537354129994;-0.22506418755883006;-0.990233180898591;0.11840740416294439;2020-07-16 14:58:22;1594936720.7194626;portrait
0.6340573527991217;-0.20245053048608172;-0.9871145089740033;0.27251294306734053;2020-07-16 14:58:22;1594936720.760974;portrait
0.7010701847474531;-0.17671015571803933;-0.9671739662599347;0.27934065365982974;2020-07-16 14:58:22;1594936720.800432;portrait
0.7660877098988488;-0.1498154532659564;-0.9290171906339448;0.06667107154629548;2020-07-16 14:58:22;1594936720.8443608;portrait
0.8233152020601169;-0.12366532642396429;-0.8728047337719639;0.0055821001763973754;2020-07-16 14:58:22;1594936720.8792448;portrait
0.8689086146922208;-0.0998165760019463;-0.8004150390620292;0.06705022672771221;2020-07-16 14:58:22;1594936720.920425;portrait
0.9013604259091895;-0.07927217184792247;-0.7152887055045615;0.03221225941251049;2020-07-16 14:58:22;1594936720.960361;portrait
0.9214971630944253;-0.062373666234501475;-0.6220312438304039;0.01391671018791385;2020-07-16 14:58:22;1594936721.000854;portrait
0.9321342310073524;-0.04880079493785861;-0.525901213178763;0.003863068180010032;2020-07-16 14:58:22;1594936721.038957;portrait
0.9374727113428953;-0.03765312062683103;-0.4322883746043309;0.007121844818914979;2020-07-16 14:58:22;1594936721.0811589;portrait
0.9423336308309751;-0.02759097828510578;-0.34624143830681725;0.003349544490220069;2020-07-16 14:58:22;1594936721.119734;portrait
0.9513320712984125;-0.017025408772559463;-0.2720733522258679;0.001472855796237127;2020-07-16 14:58:22;1594936721.16025;portrait
0.9681031134775896;-0.0043465979788053135;-0.21305819648416632;0.002638748588147166;2020-07-16 14:58:22;1594936721.197793;portrait
0.9946903053210412;0.0118294686474306;-0.1712328408188323;0.0013855701452314406;2020-07-16 14:58:22;1594936721.2391438;portrait
1.0311817031120416;0.03242463075939595;-0.14731725873090415;0.00370874648052677;2020-07-16 14:58:22;1594936721.2778668;portrait
1.075636132352221;0.05770610020012464;-0.14075992270555224;0.00494088498649603;2020-07-16 14:58:22;1594936721.320868;portrait
1.1243008274900628;0.08717348736244768;-0.149902595786948;0.0005454383885989956;2020-07-16 14:58:22;1594936721.360034;portrait
1.1720886406921052;0.11955491758766285;-0.17225242956561504;0.003592690602246762;2020-07-16 14:58:22;1594936721.399193;portrait
1.2132559160151566;0.1529247631644972;-0.2048462475723416;0.08242256645725377;2020-07-16 14:58:22;1594936721.440922;portrait
1.2421915742794714;0.18492852647481428;-0.24467165539561705;0.23163188976008087;2020-07-16 14:58:22;1594936721.4813008;portrait
1.2541913900235457;0.21307148442484544;-0.2890683706719229;0.21547046455221874;2020-07-16 14:58:22;1594936721.521261;portrait
1.2460778899382459;0.2350134366356255;-0.33601125390374;0.17051902347989767;2020-07-16 14:58:22;1594936721.560065;portrait
1.2165711660130758;0.24882322846765545;-0.384214261068588;0.16347470432145883;2020-07-16 14:58:22;1594936721.60046;portrait
1.166398362566556;0.25317101664248576;-0.43307025949603617;0.19342669830740533;2020-07-16 14:58:22;1594936721.6420689;portrait
1.098187514254642;0.24745247670087647;-0.4824892598405743;0.19482287587511138;2020-07-16 14:58:22;1594936721.677892;portrait
1.0161993514256904;0.23184391983962624;-0.5326876284080844;0.1807632439921747;2020-07-16 14:58:22;1594936721.720398;portrait
0.9259338384859448;0.20728799496200903;-0.5839500077709746;0.1437948245522378;2020-07-16 14:58:22;1594936721.7610989;portrait
0.8336362301256223;0.1754101294039642;-0.6363767804479549;0.08331957230745957;2020-07-16 14:58:22;1594936721.798142;portrait
0.7457320857631758;0.1383699879601347;-0.6896425172331555;0.04812468358814215;2020-07-16 14:58:22;1594936721.839256;portrait
0.6682381102573107;0.09866150512602022;-0.7428048569949107;0.029120936909748707;2020-07-16 14:58:22;1594936721.8771274;portrait
0.6062094275558618;0.05888234986115759;-0.7942093665118461;0.006931909025809091;2020-07-16 14:58:22;1594936721.918225;portrait
0.5632811067273447;0.021494480535881103;-0.8415300166541553;0.014471100451167729;2020-07-16 14:58:22;1594936721.9581206;portrait
0.5413496889671117;-0.011401890942996833;-0.8819628287177721;0.0318700326524457;2020-07-16 14:58:22;1594936721.999918;portrait
0.540432116240739;-0.038252427949492726;-0.9125551394700879;0.06680604455532091;2020-07-16 14:58:22;1594936722.040298;portrait
0.5587333668139836;-0.058154740052513136;-0.930614806918162;0.0728754546162591;2020-07-16 14:58:22;1594936722.079483;portrait
0.5929391957321637;-0.07085275084091548;-0.934115240304447;0.042785013283896944;2020-07-16 14:58:22;1594936722.118201;portrait
0.6387153587232183;-0.07661182964805528;-0.9220080176166235;0.03812854803189225;2020-07-16 14:58:22;1594936722.1575089;portrait
0.6913384983408558;-0.07601321185305986;-0.8943823553085394;0.021041589356229906;2020-07-16 14:58:22;1594936722.200025;portrait
0.7463358004183249;-0.0697391583767102;-0.852460203323048;0.02394705702522515;2020-07-16 14:58:22;1594936722.236469;portrait
0.8000134337684194;-0.05840957239481888;-0.7984641960396287;0.026219122836891984;2020-07-16 14:58:22;1594936722.277962;portrait
0.8498048513239166;-0.042489757542160646;-0.7354142622085837;0.026307780826329008;2020-07-16 14:58:22;1594936722.322277;portrait
0.8944174511121288;-0.022259552837334384;-0.6668865652848419;0.015914206150963395;2020-07-16 14:58:22;1594936722.3587868;portrait
0.9337722340937002;0.0021666489846803375;-0.5967370544894001;0.022444106519969864;2020-07-16 14:58:22;1594936722.396322;portrait
0.9687427055557046;0.030771570532212446;-0.5287909070333947;0.016902121263555617;2020-07-16 14:58:22;1594936722.43715;portrait
1.0007327959573344;0.06352321443878288;-0.46652436501642414;0.013685168946011572;2020-07-16 14:58:22;1594936722.47844;portrait
1.0311751246727738;0.1002335459628786;-0.4127840616444517;0.0118725567239224;2020-07-16 14:58:22;1594936722.5177732;portrait
1.0610514362002996;0.14040992148201178;-0.36958607900053136;0.010980154419549137;2020-07-16 14:58:22;1594936722.562556;portrait
1.0905260867800277;0.18312722624102468;-0.3380214941319709;0.01689320335733413;2020-07-16 14:58:22;1594936722.597657;portrait
1.1187519557302148;0.22695135584290074;-0.31827692921186207;0.02852017352756775;2020-07-16 14:58:22;1594936722.638999;portrait
1.1438731633783863;0.2699418089080033;-0.3097614506715152;0.04575374553615319;2020-07-16 14:58:22;1594936722.678228;portrait
1.1632194021923443;0.309749527523876;-0.31131933796254435;0.12384511037467405;2020-07-16 14:58:22;1594936722.718519;portrait
1.1736614956026696;0.3438031093959547;-0.32150188270849467;0.20564061473794482;2020-07-16 14:58:22;1594936722.751061;portrait
1.172074023584937;0.3695510758606676;-0.3388584169645092;0.28041254179093755;2020-07-16 14:58:22;1594936722.797986;portrait
1.1558311771872827;0.38472127504417103;-0.3621835708588409;0.25620336735721594;2020-07-16 14:58:22;1594936722.8380618;portrait
1.1232579056656318;0.3875713445462536;-0.3906550287480772;0.22510453574891898;2020-07-16 14:58:22;1594936722.878541;portrait
1.0739768373448857;0.37710998141127244;-0.42384136976461967;0.26890353139883416;2020-07-16 14:58:22;1594936722.9174821;portrait
1.0091156237921461;0.3532591175257439;-0.4616191744528497;0.3001496705733899;2020-07-16 14:58:22;1594936722.9583108;portrait
0.931348737411444;0.31692217902397235;-0.5040529998644592;0.25545579827138454;2020-07-16 14:58:22;1594936722.9974296;portrait
0.8447520714698026;0.269937061165611;-0.5512592476546628;0.17242867982611185;2020-07-16 14:58:22;1594936723.039163;portrait
0.7544690577374542;0.21491750444344287;-0.6032456243381723;0.08970118213217404;2020-07-16 14:58:22;1594936723.080062;portrait
0.6662220038704708;0.15501008652816448;-0.6597199920573064;0.0408952005715193;2020-07-16 14:58:22;1594936723.1190429;portrait
0.5857352809796198;0.09360771091151605;-0.7198826289435002;0.012036564812483164;2020-07-16 14:58:22;1594936723.1552749;portrait
0.518153849383288;0.034060012802791056;-0.7822396167288105;0.0020853464516790154;2020-07-16 14:58:22;1594936723.198168;portrait
0.4675356542434586;-0.02059105916698788;-0.844494688635612;0.018212858397362197;2020-07-16 14:58:22;1594936723.2348974;portrait
0.4364754940112493;-0.06783415592206578;-0.9035760300610747;0.025895249498489648;2020-07-16 14:58:22;1594936723.27511;portrait
0.42589540966081335;-0.10585712612105282;-0.9558265804688832;0.03842180084336633;2020-07-16 14:58:22;1594936723.315909;portrait
0.43502179462708496;-0.13364749461192652;-0.9973490111644295;0.06682366713963717;2020-07-16 14:58:22;1594936723.3560226;portrait
0.4615578284376998;-0.15101056232458587;-1.024465229509547;0.09861552788237304;2020-07-16 14:58:22;1594936723.398686;portrait
0.5020393330777494;-0.15849481553631234;-1.0342216441881402;0.1330529652506094;2020-07-16 14:58:22;1594936723.437374;portrait
0.5523258293404137;-0.1572302862066929;-1.024845139701986;0.08631354326780638;2020-07-16 14:58:22;1594936723.475234;portrait
0.6081410410815156;-0.1487106814796169;-0.9960508455819532;0.0751827596971566;2020-07-16 14:58:22;1594936723.516998;portrait
0.6655702041741021;-0.1345652560403408;-0.9491409828813892;0.0596073800845609;2020-07-16 14:58:22;1594936723.5578759;portrait
0.7214503166545951;-0.11635978978047168;-0.8868970873267868;0.0829374613113032;2020-07-16 14:58:22;1594936723.5976849;portrait
0.7736179372390385;-0.0954464374082508;-0.8133089921381574;0.040735106099837985;2020-07-16 14:58:22;1594936723.637831;portrait
0.8209895040542795;-0.07286465580175103;-0.7331862688629779;0.025501893356846494;2020-07-16 14:58:22;1594936723.6757221;portrait
0.8634680657519499;-0.04928765351363522;-0.6516939868420393;0.0011357410005530255;2020-07-16 14:58:22;1594936723.7161534;portrait
0.9017085218577537;-0.025010401813297053;-0.5738681049041292;0.01951832818292587;2020-07-16 14:58:22;1594936723.7582881;portrait
0.9368000147987825;1.8492938208349225e-05;-0.5041769428899666;0.013920329734901316;2020-07-16 14:58:22;1594936723.7937438;portrait
0.9699215704755685;0.026115081293406672;-0.44618154187927506;0.011507359761075975;2020-07-16 14:58:22;1594936723.835301;portrait
1.0020161338253326;0.05372822518070422;-0.40231897893574226;0.008129792964268745;2020-07-16 14:58:22;1594936723.8785071;portrait
1.0335267278802052;0.08327105050260017;-0.3738117586026304;0.002842981530193356;2020-07-16 14:58:22;1594936723.916846;portrait
1.0642388164362335;0.11494297435070949;-0.36069802748830526;0.0015341987192307729;2020-07-16 14:58:22;1594936723.956639;portrait
1.0932604016207303;0.14857722816544933;-0.3619712369539336;0.03415465482584068;2020-07-16 14:58:22;1594936723.9975052;portrait
1.119139718691325;0.18354457587916953;-0.3758097938464375;0.06484688829345941;2020-07-16 14:58:22;1594936724.038779;portrait
1.1400813595183101;0.21872680292242078;-0.39986851341646573;0.07676477508857715;2020-07-16 14:58:22;1594936724.078196;portrait
1.1542037024111087;0.2525578970594034;-0.43159126824556154;0.12997986537448014;2020-07-16 14:58:22;1594936724.1177151;portrait
1.159792950539823;0.28312893555451607;-0.4684917340853874;0.19824254750060888;2020-07-16 14:58:22;1594936724.1577132;portrait
1.1555275779534933;0.30835198130206254;-0.5083545178727877;0.2216620632809594;2020-07-16 14:58:22;1594936724.198138;portrait
1.140654015299073;0.32616563025673556;-0.5493393155375085;0.247286570366132;2020-07-16 14:58:22;1594936724.236815;portrait
1.1150966285632624;0.3347522720165909;-0.5900049676738276;0.3033626530121296;2020-07-16 14:58:22;1594936724.275393;portrait
1.0794889029930173;0.3327372515281395;-0.6292843562392597;0.2819014497521266;2020-07-16 14:58:22;1594936724.3175561;portrait
1.035120432939676;0.319347126238656;-0.6664345479430482;0.2608911508406777;2020-07-16 14:58:22;1594936724.3576891;portrait
0.9838105374179775;0.2945117261803266;-0.700974692545284;0.2415139447349475;2020-07-16 14:58:22;1594936724.397571;portrait
0.9277385718898966;0.25890305351409965;-0.7326162770788083;0.20683851722138513;2020-07-16 14:58:22;1594936724.4378688;portrait
0.8692689064872323;0.21391104480235254;-0.7611852886117794;0.1655691726032984;2020-07-16 14:58:22;1594936724.475545;portrait
0.8108005190617124;0.16155874974494397;-0.7865349573514802;0.13861450562213662;2020-07-16 14:58:22;1594936724.517667;portrait
0.7546532638416962;0.10436002363671026;-0.8084552197544439;0.04071804771038501;2020-07-16 14:58:22;1594936724.558452;portrait
0.7029865560907933;0.04512823130859227;-0.8265978459997985;0.010785440736356122;2020-07-16 14:58:22;1594936724.598052;portrait
0.6577417094055928;-0.01324438422632427;-0.8404475672654003;0.02748777074024389;2020-07-16 14:58:22;1594936724.6369429;portrait
0.6205992503166461;-0.0680093610475573;-0.8493694726230699;0.08586594574964579;2020-07-16 14:58:22;1594936724.6752641;portrait
0.5929361061045477;-0.11676079784921918;-0.8527385665479663;0.10304904593868967;2020-07-16 14:58:22;1594936724.718898;portrait
0.575764680514106;-0.15759053398823908;-0.8501150204911433;0.11248957818196458;2020-07-16 14:58:22;1594936724.756946;portrait
0.5696485056486794;-0.1891879627206032;-0.8413994233476398;0.12108135884045623;2020-07-16 14:58:22;1594936724.7978148;portrait
0.5746114855628207;-0.21088061517298756;-0.8269088137960139;0.10026319831729325;2020-07-16 14:58:22;1594936724.8360631;portrait
0.5900752469074517;-0.22261655214474477;-0.8073482519276793;0.10644256353387505;2020-07-16 14:58:22;1594936724.872834;portrait
0.6148567356126109;-0.22489481434637296;-0.7836904506865051;0.10135887984024095;2020-07-16 14:58:22;1594936724.915602;portrait
0.6472341124788236;-0.21865804174472572;-0.7570009205136381;0.08514293898251424;2020-07-16 14:58:22;1594936724.959426;portrait
0.6850621110402488;-0.205165942430625;-0.7282558982135116;0.08901801931216369;2020-07-16 14:58:22;1594936724.995342;portrait
0.7259058063415308;-0.18586702825069187;-0.6981978305162013;0.07093044342866506;2020-07-16 14:58:22;1594936725.036182;portrait
0.7671657893328667;-0.162282573809088;-0.6672581525083808;0.05874570365130438;2020-07-16 14:58:22;1594936725.075191;portrait
0.8061825163956623;-0.13591238165162045;-0.6355546380458689;0.07959121352411103;2020-07-16 14:58:22;1594936725.1152039;portrait
0.8403245227186765;-0.10816538244062006;-0.6029508207813359;0.03180501106896827;2020-07-16 14:58:22;1594936725.157896;portrait
0.867073532395525;-0.08031197047276224;-0.5691521463133554;0.03275388744918928;2020-07-16 14:58:22;1594936725.196645;portrait
0.8841156396850003;-0.05345454660714369;-0.5338105329815523;0.0334642196583701;2020-07-16 14:58:22;1594936725.2384632;portrait
0.8894414348641163;-0.028514325611478195;-0.4966187993520749;0.009289822679193094;2020-07-16 14:58:22;1594936725.275171;portrait
0.8814598509293025;-0.006229008055719062;-0.4573920854995832;0.005553133661162946;2020-07-16 14:58:22;1594936725.31606;portrait
0.8591327825080183;0.012847258874581097;-0.4161415993184033;0.0007932677145561229;2020-07-16 14:58:22;1594936725.358467;portrait
0.8221252609039309;0.02834706478029996;-0.37314013264253026;0.017197762251193186;2020-07-16 14:58:22;1594936725.392575;portrait
0.7709441838292848;0.04009592773809338;-0.3289669196615911;0.025915677289958694;2020-07-16 14:58:22;1594936725.4380689;portrait
0.7070236003151242;0.04811570850535495;-0.2845161455382973;0.021766441553161542;2020-07-16 14:58:22;1594936725.475411;portrait
0.6327140606084513;0.05261502708450775;-0.24096126349602867;0.00982818904958549;2020-07-16 14:58:22;1594936725.5127199;portrait
0.551151383120505;0.053959504734738;-0.1996777442701112;0.0003593189601858171;2020-07-16 14:58:22;1594936725.55639;portrait
0.46601325422627526;0.052626405095164294;-0.162134391184469;0.004522136315522118;2020-07-16 14:58:22;1594936725.59499;portrait
0.38120095026333845;0.04915713266120247;-0.12976635318002733;0.0024509589423402645;2020-07-16 14:58:22;1594936725.6369731;portrait
0.30049212322828783;0.04411568392393453;-0.1038425976447379;0.0007771798953477571;2020-07-16 14:58:22;1594936725.675541;portrait
0.2272066990529089;0.03804966752383464;-0.08533904571508;2.6602605736059104e-05;2020-07-16 14:58:22;1594936725.7152126;portrait
0.16392583831560942;0.031450796016099375;-0.0748247083988585;3.338854146761605e-05;2020-07-16 14:58:22;1594936725.7553248;portrait
0.11230103266503767;0.024723522684527342;-0.07236283832372029;2.176255975427921e-07;2020-07-16 14:58:22;1594936725.795419;portrait
0.07297747468348022;0.018177547713779788;-0.07742863939695897;6.168911284021306e-07;2020-07-16 14:58:22;1594936725.835618;portrait
0.04563608153621573;0.012052989173831215;-0.08885320331184829;4.6572090184326953e-07;2020-07-16 14:58:22;1594936725.875578;portrait
0.02914083231790475;0.006571248644001923;-0.10481407651083213;3.071638469975824e-05;2020-07-16 14:58:22;1594936725.916627;portrait
0.021763824324472776;0.001992894921173162;-0.1228928734553046;0.0006509978628628232;2020-07-16 14:58:22;1594936725.956143;portrait
0.021448208091003004;-0.0013358069466681377;-0.14020310413488435;7.365498393596681e-05;2020-07-16 14:58:22;1594936725.992986;portrait
0.026064684488634936;-0.002958154041325068;-0.15357163905626267;0.00019045457271715804;2020-07-16 14:58:22;1594936726.03304;portrait
0.03362811639385225;-0.0023073372942413076;-0.15975736909068272;0.00035397339011922213;2020-07-16 14:58:22;1594936726.072808;portrait
0.04246057949766346;0.0012670097084833169;-0.15570646605468058;0.00047742558706431737;2020-07-16 14:58:22;1594936726.1131132;portrait
0.05130063652971252;0.008442888944942762;-0.138849653914874;0.000525635995529683;2020-07-16 14:58:22;1594936726.1533954;portrait
0.05936221348427665;0.01983696269244309;-0.10743559050965384;0.00035148694799147506;2020-07-16 14:58:22;1594936726.1934054;portrait
0.06634726825678991;0.035884029014787405;-0.06087949065918209;0.0003403649259183794;2020-07-16 14:58:22;1594936726.2325509;portrait
0.0724180311595782;0.056694828660053584;-9.578320220349104e-05;0.0001362104485309601;2020-07-16 14:58:22;1594936726.273725;portrait
0.07813506535616205;0.08191009625530853;0.07222546874006115;0.00033144773624371737;2020-07-16 14:58:22;1594936726.312393;portrait
0.0843654262344463;0.11057691833303816;0.1514503327272813;0.0005427341184471857;2020-07-16 14:58:22;1594936726.3556461;portrait
0.09216356164486798;0.14108170307812404;0.2310046884039303;1.295474771723093e-05;2020-07-16 14:58:22;1594936726.3940618;portrait
0.10263050213275296;0.17117667463775926;0.3026206503216277;0.0006349525795030786;2020-07-16 14:58:22;1594936726.4302502;portrait
0.1167625508606934;0.19812780146395625;0.3568998019277683;0.0017853692692249012;2020-07-16 14:58:22;1594936726.477201;portrait
0.13530045287609524;0.21899764048891235;0.38427127970401365;0.0003037804317784776;2020-07-16 14:58:22;1594936726.515575;portrait
0.15858146794994551;0.23107291672609626;0.37642538556159744;0.0009519275861862297;2020-07-16 14:58:22;1594936726.555029;portrait
0.1863995675837591;0.23242090598589704;0.32817809744621423;7.459406837714596;2020-07-16 14:58:22;1594936726.59635;portrait
0.2179192509807839;0.2224213870432859;0.2392291249860905;0.009344741963790426;2020-07-16 14:58:22;1594936726.633754;portrait
0.2517291092297442;0.20197527966058448;0.11478005512463635;0.06152191328730794;2020-07-16 14:58:22;1594936726.6713626;portrait
0.28607166302824394;0.17323813459132162;-0.035554155248541296;0.07061893488177873;2020-07-16 14:58:22;1594936726.713898;portrait
0.3191660477992645;0.13907431312706275;-0.19991156161125007;0.0076236094938977325;2020-07-16 14:58:22;1594936726.754466;portrait
0.34948778608715975;0.10252309814122278;-0.3663303082719873;0.02075559534171134;2020-07-16 14:58:22;1594936726.794177;portrait
0.3759267833766991;0.0663935395172112;-0.524297011627603;0.023120499277411;2020-07-16 14:58:22;1594936726.833208;portrait
0.39782637372622925;0.03299004041953268;-0.6656480194349957;0.019177316197271924;2020-07-16 14:58:22;1594936726.8735008;portrait
0.4149484079339872;0.003967274723841527;-0.7849361359896233;0.014200088349767272;2020-07-16 14:58:22;1594936726.915762;portrait
0.42740649669889347;-0.01969604858799081;-0.8793952077855947;0.014691770454078323;2020-07-16 14:58:22;1594936726.955781;portrait
0.43558711423546076;-0.03763632573568552;-0.9486319750711241;0.008399086871634156;2020-07-16 14:58:22;1594936726.993925;portrait
0.4400656122846709;-0.04999405176720668;-0.9941580509950116;0.015104410003630164;2020-07-16 14:58:22;1594936727.033411;portrait
0.4415245529766868;-0.05728296332906117;-1.018854410648511;0.014940043868350017;2020-07-16 14:58:22;1594936727.073882;portrait
0.44068268698949997;-0.06025987674678464;-1.0264395054610045;0.011839336349908079;2020-07-16 14:58:22;1594936727.119368;portrait
0.4382399015469859;-0.059807148809605734;-1.0209911722996186;0.01567703677346799;2020-07-16 14:58:22;1594936727.150012;portrait
0.43483936215683294;-0.056834253249870834;-1.0065526141202357;0.01423874629498556;2020-07-16 14:58:22;1594936727.193928;portrait
0.4310445100616962;-0.0522014722025784;-0.9868350989102107;0.014662573836751847;2020-07-16 14:58:22;1594936727.238801;portrait
0.42732484673921217;-0.04666560076860259;-0.9650153068046505;0.012573500640534974;2020-07-16 14:58:22;1594936727.2721274;portrait
0.42404473138561954;-0.04084548622546146;-0.9436159400449164;0.006848811095657936;2020-07-16 14:58:22;1594936727.312293;portrait
0.4214582658278596;-0.03520446417162871;-0.92445870792978;0.015111435916992377;2020-07-16 14:58:22;1594936727.353831;portrait
0.41971890743649903;-0.030046996820104224;-0.9086832884666205;0.00799732880409465;2020-07-16 14:58:22;1594936727.393154;portrait
0.4189020395889902;-0.02552843105688241;-0.8968220278629944;0.013944599952495196;2020-07-16 14:58:22;1594936727.431165;portrait
0.4190269595530834;-0.021678095530313028;-0.8889113879338345;0.009549655292062198;2020-07-16 14:58:22;1594936727.473125;portrait
0.4200701673222433;-0.018433591935219613;-0.8846201125207077;0.0024760329645800994;2020-07-16 14:58:22;1594936727.5134568;portrait
0.42197297651985416;-0.015680410226442093;-0.883378284594368;0.018548441805862126;2020-07-16 14:58:22;1594936727.557137;portrait
0.4246459836083059;-0.013290480180978914;-0.8844932051198753;0.012419456054104216;2020-07-16 14:58:22;1594936727.589274;portrait
0.4279681471269843;-0.011153573859137395;-0.8872421480604581;0.007877272227563738;2020-07-16 14:58:22;1594936727.633842;portrait
0.43178204701884537;-0.00919494248743295;-0.8909415934163206;0.014496705881253291;2020-07-16 14:58:22;1594936727.671597;portrait
0.435896439705466;-0.0073751125507070855;-0.8949990463737846;0.02854462169370464;2020-07-16 14:58:22;1594936727.7123618;portrait
0.44010745221714503;-0.0056751452216999496;-0.8989502629132589;0.001067349461294498;2020-07-16 14:58:22;1594936727.755423;portrait
0.44423174676994237;-0.00407924445640402;-0.9024757517141728;0.004969197929810321;2020-07-16 14:58:22;1594936727.791233;portrait
0.4481291295335301;-0.0025667818365507477;-0.9053894800472382;0.006032545063590078;2020-07-16 14:58:22;1594936727.8306699;portrait
0.45170263020886076;-0.0011143220199119972;-0.9076069779629794;0.0011882828301992276;2020-07-16 14:58:22;1594936727.877325;portrait
0.4548859016894406;0.00030093811485164035;-0.9091136857927777;0.004718490232697547;2020-07-16 14:58:22;1594936727.9128716;portrait
0.4576334977745533;0.0017014661149495896;-0.909948068009418;0.004475313009720594;2020-07-16 14:58:22;1594936727.956887;portrait
0.4599190269662988;0.0031109144935660225;-0.9101948472870913;0.0011939829391849344;2020-07-16 14:58:22;1594936727.993948;portrait
0.46173559203805264;0.004553106196767829;-0.909975012107504;0.006786148143966385;2020-07-16 14:58:22;1594936728.032337;portrait
0.4630933833094162;0.006049216755867368;-0.9094276223546683;0.019235474373360262;2020-07-16 14:58:22;1594936728.072771;portrait
0.4640154398834921;0.007615667288541757;-0.9086887301846609;0.0018389981978970127;2020-07-16 14:58:22;1594936728.1087391;portrait
0.46453316093856806;0.00926093859204469;-0.9078740600965539;0.004672068298532395;2020-07-16 14:58:22;1594936728.1524198;portrait
0.4646812360882372;0.010977395700956292;-0.907069195692361;0.007770408266907226;2020-07-16 14:58:22;1594936728.1930392;portrait
0.464493381119817;0.012729951294840587;-0.9063286654602947;0.00364114315594577;2020-07-16 14:58:22;1594936728.232089;portrait
0.46400025676803786;0.014449030400268086;-0.9056822347993589;0.009065618456304492;2020-07-16 14:58:22;1594936728.2764866;portrait
0.4632274899159955;0.016032656514857257;-0.90514375881276;0.003355602774231414;2020-07-16 14:58:22;1594936728.311295;portrait
0.46219172467936054;0.017356003225584216;-0.9047181238204004;0.004282424520145157;2020-07-16 14:58:22;1594936728.352006;portrait
0.4608967248919734;0.01828513174545051;-0.9044049900148592;0.005199278201693858;2020-07-16 14:58:22;1594936728.3916821;portrait
0.4593337622115691;0.018694567101166827;-0.9042010921922893;0.0077292665193482435;2020-07-16 14:58:22;1594936728.433846;portrait
0.45748888625800993;0.018489287714629224;-0.9041035893846389;0.015963445663569335;2020-07-16 14:58:22;1594936728.475863;portrait
0.4553564072892811;0.017628897252139977;-0.9041156810414036;0.005231727656038743;2020-07-16 14:58:22;1594936728.511869;portrait
0.4529553044001584;0.01614959167598429;-0.9042530809148037;0.008709992290164337;2020-07-16 14:58:22;1594936728.5568352;portrait
0.45034528182911876;0.014181043502823813;-0.9045474647359674;0.012061186891621391;2020-07-16 14:58:22;1594936728.59105;portrait
0.44764106929557573;0.01195706038675796;-0.9050434451269597;0.02336418737095158;2020-07-16 14:58:22;1594936728.6349866;portrait
0.4450228191819211;0.009816379196288628;-0.9057888785295555;0.007125306877128423;2020-07-16 14:58:22;1594936728.6715078;portrait
0.44273677193555494;0.008186881139226035;-0.9068215771746384;0.011173701210079656;2020-07-16 14:58:22;1594936728.710083;portrait
0.44107965000725347;0.007549287151082458;-0.908157506118307;0.002785313082291907;2020-07-16 14:58:22;1594936728.753109;portrait
0.4403650856326729;0.008383290545262202;-0.9097851156042566;0.006140504248019596;2020-07-16 14:58:22;1594936728.792726;portrait
0.4408780352523885;0.011105149411475017;-0.9116667735318209;0.012656847683256698;2020-07-16 14:58:22;1594936728.8315618;portrait
0.44282882264286627;0.016009297955222362;-0.9137448482937;0.01860207560997651;2020-07-16 14:58:22;1594936728.871733;portrait
0.44631683046903686;0.02322388626839992;-0.9159499597299668;0.0004309860359796857;2020-07-16 14:58:22;1594936728.913519;portrait
0.4513070332608058;0.03268118159410616;-0.9182101820978724;0.0002774414128339231;2020-07-16 14:58:22;1594936728.9535034;portrait
0.4576196783031135;0.0441003883958099;-0.9204603641802662;0.004680344396867041;2020-07-16 14:58:22;1594936728.9944072;portrait
0.464936365719447;0.05698916448492332;-0.9226502674578292;0.006254195314365773;2020-07-16 14:58:22;1594936729.035233;portrait
0.4728279648492577;0.0706788098820383;-0.9247485668621737;0.03161438665584626;2020-07-16 14:58:22;1594936729.0652974;portrait
