Date;Timestamp;DeviceOrientation;AccelerationX;AccelerationY;AccelerationZ;Label
2020-08-08 17:08:27;1596931707.4047508;portrait;-0.4068756103515625;0.810211181640625;-0.4279022216796875;
2020-08-08 17:08:27;1596931707.406142;portraitUpsideDown;-0.403564453125;0.811737060546875;-0.361572265625;
2020-08-08 17:08:27;1596931707.420449;portraitUpsideDown;-0.4321441650390625;0.8054351806640625;-0.36444091796875;
2020-08-08 17:08:27;1596931707.423263;portraitUpsideDown;-0.409576416015625;0.8219146728515625;-0.4360809326171875;
2020-08-08 17:08:27;1596931707.435238;portraitUpsideDown;-0.3403167724609375;0.8286285400390625;-0.3614501953125;
2020-08-08 17:08:27;1596931707.438407;portraitUpsideDown;-0.3559417724609375;0.8213653564453125;-0.4498748779296875;
2020-08-08 17:08:27;1596931707.441722;portraitUpsideDown;-0.4147491455078125;0.806976318359375;-0.4712677001953125;
2020-08-08 17:08:27;1596931707.453689;portraitUpsideDown;-0.4765625;0.7920074462890625;-0.336395263671875;
2020-08-08 17:08:27;1596931707.494415;portraitUpsideDown;-0.43621826171875;0.7983551025390625;-0.3367462158203125;
2020-08-08 17:08:27;1596931707.533863;portraitUpsideDown;-0.3394012451171875;0.83819580078125;-0.4516143798828125;
2020-08-08 17:08:27;1596931707.5742779;portraitUpsideDown;-0.3296356201171875;0.834625244140625;-0.400909423828125;
2020-08-08 17:08:27;1596931707.614099;portraitUpsideDown;-0.3807373046875;0.810699462890625;-0.35675048828125;
2020-08-08 17:08:27;1596931707.65443;portraitUpsideDown;-0.4357147216796875;0.820220947265625;-0.4046783447265625;
2020-08-08 17:08:27;1596931707.694291;portraitUpsideDown;-0.458984375;0.8033447265625;-0.35198974609375;
2020-08-08 17:08:27;1596931707.734408;portraitUpsideDown;-0.423797607421875;0.8231048583984375;-0.3567962646484375;
2020-08-08 17:08:27;1596931707.7743301;portraitUpsideDown;-0.40478515625;0.831573486328125;-0.4584197998046875;
2020-08-08 17:08:27;1596931707.8158622;portraitUpsideDown;-0.43994140625;0.8006744384765625;-0.3362274169921875;
2020-08-08 17:08:27;1596931707.8543181;portraitUpsideDown;-0.463226318359375;0.7553253173828125;-0.137054443359375;
2020-08-08 17:08:27;1596931707.894493;portraitUpsideDown;-0.43896484375;0.806060791015625;-0.2946929931640625;
2020-08-08 17:08:27;1596931707.934493;portraitUpsideDown;-0.4798431396484375;0.829498291015625;-0.25335693359375;
2020-08-08 17:08:27;1596931707.974577;portraitUpsideDown;-0.4826812744140625;0.8155059814453125;-0.1197509765625;
2020-08-08 17:08:27;1596931708.016189;portraitUpsideDown;-0.604827880859375;0.89678955078125;-0.292572021484375;
2020-08-08 17:08:27;1596931708.054563;portraitUpsideDown;-0.556976318359375;0.897430419921875;-0.2889862060546875;
2020-08-08 17:08:27;1596931708.094511;portraitUpsideDown;-0.502655029296875;0.854156494140625;-0.0310211181640625;
2020-08-08 17:08:27;1596931708.134715;portraitUpsideDown;-0.489288330078125;0.75604248046875;-0.0509796142578125;
2020-08-08 17:08:27;1596931708.174604;portraitUpsideDown;-0.6376800537109375;0.7167205810546875;-0.0478973388671875;
2020-08-08 17:08:27;1596931708.216127;portraitUpsideDown;-0.9074249267578125;0.6761322021484375;-0.143035888671875;
2020-08-08 17:08:27;1596931708.254966;portraitUpsideDown;-0.820037841796875;0.6556396484375;-0.2646331787109375;
2020-08-08 17:08:27;1596931708.294853;portraitUpsideDown;-0.6494293212890625;0.7780914306640625;-0.2031097412109375;
2020-08-08 17:08:27;1596931708.334791;portraitUpsideDown;-0.6354827880859375;0.7546844482421875;-0.2427215576171875;
2020-08-08 17:08:27;1596931708.37484;portraitUpsideDown;-0.76580810546875;0.79168701171875;-0.152191162109375;
2020-08-08 17:08:27;1596931708.4161649;portraitUpsideDown;-0.827117919921875;0.9643402099609375;-0.0435943603515625;
2020-08-08 17:08:27;1596931708.4552932;portraitUpsideDown;-0.9745330810546875;1.23236083984375;-0.1551055908203125;
2020-08-08 17:08:27;1596931708.49489;portraitUpsideDown;-0.587677001953125;0.7557830810546875;-0.141998291015625;
2020-08-08 17:08:27;1596931708.535043;portraitUpsideDown;-0.4742584228515625;0.6927337646484375;-0.13970947265625;
2020-08-08 17:08:27;1596931708.574974;portraitUpsideDown;-0.390655517578125;0.8129119873046875;0.0908203125;
2020-08-08 17:08:27;1596931708.616379;portraitUpsideDown;-0.52911376953125;0.6983184814453125;-0.105072021484375;
2020-08-08 17:08:27;1596931708.6549501;portraitUpsideDown;-0.44158935546875;0.6787872314453125;-0.18157958984375;
2020-08-08 17:08:27;1596931708.6951551;portraitUpsideDown;-0.1873626708984375;0.707794189453125;-0.256011962890625;
2020-08-08 17:08:27;1596931708.735003;portraitUpsideDown;-0.1985321044921875;0.918701171875;-0.0105743408203125;
2020-08-08 17:08:27;1596931708.775209;portraitUpsideDown;-0.3651275634765625;1.194732666015625;-0.0569305419921875;
2020-08-08 17:08:27;1596931708.8163629;portraitUpsideDown;-0.5097198486328125;1.4705657958984375;-0.024566650390625;
2020-08-08 17:08:27;1596931708.855332;portraitUpsideDown;-0.5062103271484375;1.4154510498046875;0.1811065673828125;
2020-08-08 17:08:27;1596931708.895153;portraitUpsideDown;-0.620269775390625;1.283660888671875;-0.0328521728515625;
2020-08-08 17:08:27;1596931708.936527;portraitUpsideDown;-0.413818359375;0.6498260498046875;-0.031158447265625;
2020-08-08 17:08:27;1596931708.9758759;portraitUpsideDown;-0.4359283447265625;0.5417022705078125;-0.1113739013671875;
2020-08-08 17:08:27;1596931709.0165749;portraitUpsideDown;-0.5552978515625;0.594573974609375;-0.0016632080078125;
2020-08-08 17:08:27;1596931709.056519;portraitUpsideDown;-0.639312744140625;0.5541534423828125;-0.111053466796875;
2020-08-08 17:08:27;1596931709.096681;portraitUpsideDown;-0.5308074951171875;0.5505828857421875;-0.252532958984375;
2020-08-08 17:08:27;1596931709.136497;portraitUpsideDown;-0.5234527587890625;0.531951904296875;-0.08343505859375;
2020-08-08 17:08:27;1596931709.176629;portraitUpsideDown;-0.64044189453125;0.4246673583984375;-0.0480194091796875;
2020-08-08 17:08:27;1596931709.216761;portraitUpsideDown;-0.6731719970703125;0.633575439453125;-0.0431976318359375;
2020-08-08 17:08:27;1596931709.25661;portraitUpsideDown;-0.6652374267578125;0.779022216796875;-0.02203369140625;
2020-08-08 17:08:27;1596931709.2965999;portraitUpsideDown;-0.8781280517578125;0.8814544677734375;-0.150146484375;
2020-08-08 17:08:27;1596931709.3367028;portraitUpsideDown;-0.9340362548828125;0.87896728515625;-0.13153076171875;
2020-08-08 17:08:27;1596931709.376596;portraitUpsideDown;-0.9895477294921875;1.264617919921875;-0.2369537353515625;
2020-08-08 17:08:27;1596931709.416776;portraitUpsideDown;-0.8456878662109375;0.979705810546875;-0.4093170166015625;
2020-08-08 17:08:27;1596931709.456636;portraitUpsideDown;-0.6921539306640625;1.01324462890625;-0.4466094970703125;
2020-08-08 17:08:27;1596931709.496716;portraitUpsideDown;-0.53448486328125;0.970184326171875;-0.2406005859375;
2020-08-08 17:08:27;1596931709.536738;portraitUpsideDown;-0.4978485107421875;0.6547698974609375;-0.118988037109375;
2020-08-08 17:08:27;1596931709.576693;portraitUpsideDown;-0.517822265625;0.4087371826171875;-0.068450927734375;
2020-08-08 17:08:27;1596931709.616972;portraitUpsideDown;-0.4586029052734375;0.4852142333984375;-0.0223388671875;
2020-08-08 17:08:27;1596931709.656999;portraitUpsideDown;-0.4234771728515625;0.7124786376953125;-0.1048431396484375;
2020-08-08 17:08:27;1596931709.696569;portraitUpsideDown;-0.3727569580078125;0.87005615234375;-0.0350799560546875;
2020-08-08 17:08:27;1596931709.7367;portraitUpsideDown;-0.41131591796875;0.9971466064453125;0.0141754150390625;
2020-08-08 17:08:27;1596931709.7766;portraitUpsideDown;-0.5128631591796875;0.9428253173828125;0.014892578125;
2020-08-08 17:08:27;1596931709.817;portraitUpsideDown;-0.5421600341796875;0.9431610107421875;0.0543670654296875;
2020-08-08 17:08:27;1596931709.856657;portraitUpsideDown;-0.3018035888671875;0.755279541015625;-0.1378936767578125;
2020-08-08 17:08:27;1596931709.8967252;portraitUpsideDown;-0.685791015625;1.0672149658203125;-0.279144287109375;
2020-08-08 17:08:27;1596931709.936602;portraitUpsideDown;-0.7789306640625;1.1619415283203125;-0.07916259765625;
2020-08-08 17:08:27;1596931709.976571;portraitUpsideDown;-0.508941650390625;0.8974456787109375;-0.3752593994140625;
2020-08-08 17:08:27;1596931710.016975;portraitUpsideDown;-0.633270263671875;0.6811981201171875;-0.3537750244140625;
2020-08-08 17:08:27;1596931710.056737;portraitUpsideDown;-0.7183990478515625;0.5239105224609375;0.0487213134765625;
2020-08-08 17:08:27;1596931710.096591;portraitUpsideDown;-0.588348388671875;0.54888916015625;0.0747528076171875;
2020-08-08 17:08:27;1596931710.1366081;portraitUpsideDown;-0.695098876953125;0.509674072265625;-0.23443603515625;
2020-08-08 17:08:27;1596931710.1765919;portraitUpsideDown;-0.8988494873046875;0.523590087890625;-0.3431854248046875;
2020-08-08 17:08:27;1596931710.2170792;portraitUpsideDown;-0.986419677734375;0.5521087646484375;-0.221343994140625;
2020-08-08 17:08:27;1596931710.256675;portraitUpsideDown;-1.1044921875;0.562835693359375;-0.07659912109375;
2020-08-08 17:08:27;1596931710.296633;portraitUpsideDown;-0.98193359375;0.782257080078125;-0.5329742431640625;
2020-08-08 17:08:27;1596931710.336767;portraitUpsideDown;-0.7703094482421875;1.0556488037109375;-0.8754119873046875;
2020-08-08 17:08:27;1596931710.376683;portraitUpsideDown;-0.76849365234375;1.17340087890625;-0.5223236083984375;
2020-08-08 17:08:27;1596931710.417016;portraitUpsideDown;-0.5046844482421875;1.146209716796875;-0.2982177734375;
2020-08-08 17:08:27;1596931710.456661;portraitUpsideDown;-0.1936798095703125;0.9361572265625;-0.6254425048828125;
2020-08-08 17:08:27;1596931710.496665;portraitUpsideDown;-0.09503173828125;0.7738189697265625;-0.4145660400390625;
2020-08-08 17:08:27;1596931710.536635;portraitUpsideDown;-0.3061370849609375;0.7104034423828125;0.1347198486328125;
2020-08-08 17:08:27;1596931710.576877;portraitUpsideDown;-0.490631103515625;0.8191986083984375;0.139739990234375;
2020-08-08 17:08:27;1596931710.6171188;portraitUpsideDown;-0.6435089111328125;1.0780029296875;-0.4237518310546875;
2020-08-08 17:08:27;1596931710.6566901;portraitUpsideDown;-0.446563720703125;1.2772979736328125;-0.4240570068359375;
2020-08-08 17:08:27;1596931710.696755;portraitUpsideDown;-0.2473297119140625;1.380523681640625;0.0402374267578125;
2020-08-08 17:08:27;1596931710.736988;portraitUpsideDown;-0.1363677978515625;1.10028076171875;0.31622314453125;
2020-08-08 17:08:27;1596931710.7767491;portraitUpsideDown;-0.2799835205078125;1.17608642578125;0.234405517578125;
2020-08-08 17:08:27;1596931710.816922;portraitUpsideDown;-0.10369873046875;0.8401336669921875;0.089813232421875;
2020-08-08 17:08:27;1596931710.8567429;portraitUpsideDown;-0.3950347900390625;1.1993408203125;-0.23236083984375;
2020-08-08 17:08:27;1596931710.8968658;portraitUpsideDown;-0.650054931640625;1.1449127197265625;-0.2215423583984375;
2020-08-08 17:08:27;1596931710.937252;portraitUpsideDown;-0.7687225341796875;0.64385986328125;-0.1009063720703125;
2020-08-08 17:08:27;1596931710.976849;portraitUpsideDown;-0.7243499755859375;0.3822174072265625;-0.0816802978515625;
2020-08-08 17:08:27;1596931711.0170379;portraitUpsideDown;-0.6811676025390625;0.4049072265625;-0.0833587646484375;
2020-08-08 17:08:27;1596931711.0569658;portraitUpsideDown;-0.63031005859375;0.516387939453125;-0.0915985107421875;
2020-08-08 17:08:27;1596931711.097033;portraitUpsideDown;-0.7303619384765625;0.685150146484375;-0.177703857421875;
2020-08-08 17:08:27;1596931711.1372418;portraitUpsideDown;-0.93743896484375;0.7991790771484375;-0.33404541015625;
2020-08-08 17:08:27;1596931711.17718;portraitUpsideDown;-0.9917144775390625;0.877044677734375;-0.4138946533203125;
2020-08-08 17:08:27;1596931711.2176008;portraitUpsideDown;-0.9619293212890625;0.906890869140625;-0.4276580810546875;
2020-08-08 17:08:27;1596931711.257045;portraitUpsideDown;-0.8901214599609375;1.2925567626953125;-0.336181640625;
2020-08-08 17:08:27;1596931711.297021;portraitUpsideDown;-0.5633544921875;1.0814971923828125;-0.008026123046875;
2020-08-08 17:08:27;1596931711.337544;portraitUpsideDown;-0.6832275390625;1.2577056884765625;-0.2900848388671875;
2020-08-08 17:08:27;1596931711.377147;portraitUpsideDown;-0.4155120849609375;1.13800048828125;-0.2820587158203125;
2020-08-08 17:08:27;1596931711.417232;portraitUpsideDown;-0.179351806640625;0.9615325927734375;0.0095062255859375;
2020-08-08 17:08:27;1596931711.457253;portraitUpsideDown;-0.082305908203125;0.8109588623046875;0.4413604736328125;
2020-08-08 17:08:27;1596931711.497263;portraitUpsideDown;-0.0480194091796875;0.82708740234375;0.1906585693359375;
2020-08-08 17:08:27;1596931711.537372;portraitUpsideDown;0.0544281005859375;1.048736572265625;0.16058349609375;
2020-08-08 17:08:27;1596931711.577456;portraitUpsideDown;0.0011749267578125;1.2220916748046875;-0.0018157958984375;
2020-08-08 17:08:27;1596931711.617337;portraitUpsideDown;-0.1679840087890625;1.341094970703125;-0.079986572265625;
2020-08-08 17:08:27;1596931711.657477;portraitUpsideDown;-0.3416900634765625;1.24029541015625;-0.096771240234375;
2020-08-08 17:08:27;1596931711.697834;portraitUpsideDown;-0.7715301513671875;1.31573486328125;-0.1822509765625;
2020-08-08 17:08:27;1596931711.737607;portraitUpsideDown;-0.601959228515625;0.8993072509765625;-0.246429443359375;
2020-08-08 17:08:27;1596931711.777522;portraitUpsideDown;-0.8913116455078125;0.7088623046875;-0.32330322265625;
2020-08-08 17:08:27;1596931711.817631;portraitUpsideDown;-1.0006103515625;0.7620697021484375;-0.266021728515625;
2020-08-08 17:08:27;1596931711.857589;portraitUpsideDown;-0.82415771484375;0.5990753173828125;0.1417694091796875;
2020-08-08 17:08:27;1596931711.897963;portraitUpsideDown;-0.7201690673828125;0.336029052734375;0.092376708984375;
2020-08-08 17:08:27;1596931711.9375849;portraitUpsideDown;-0.5345001220703125;0.41192626953125;-0.01904296875;
2020-08-08 17:08:27;1596931711.9778;portraitUpsideDown;-0.507354736328125;0.4969940185546875;-0.0021209716796875;
2020-08-08 17:08:27;1596931712.0176082;portraitUpsideDown;-0.6143646240234375;0.6861724853515625;0.1182098388671875;
2020-08-08 17:08:27;1596931712.0578852;portraitUpsideDown;-0.6986541748046875;0.9869842529296875;-0.0176544189453125;
2020-08-08 17:08:27;1596931712.097719;portraitUpsideDown;-0.691650390625;1.1130218505859375;-0.2008819580078125;
2020-08-08 17:08:27;1596931712.1379619;portraitUpsideDown;-0.73431396484375;1.0192108154296875;-0.171142578125;
2020-08-08 17:08:27;1596931712.177847;portraitUpsideDown;-1.01971435546875;1.365875244140625;-0.0206146240234375;
2020-08-08 17:08:27;1596931712.217869;portraitUpsideDown;-0.6489105224609375;1.1693878173828125;-0.10577392578125;
2020-08-08 17:08:27;1596931712.25786;portraitUpsideDown;-0.743560791015625;0.975830078125;-0.129241943359375;
2020-08-08 17:08:27;1596931712.298235;portraitUpsideDown;-0.6831817626953125;0.887237548828125;-0.1274566650390625;
2020-08-08 17:08:27;1596931712.337805;portraitUpsideDown;-0.3450164794921875;0.729156494140625;-0.1130828857421875;
2020-08-08 17:08:27;1596931712.378109;portraitUpsideDown;-0.2901611328125;0.5587005615234375;0.0321197509765625;
2020-08-08 17:08:27;1596931712.418055;portraitUpsideDown;-0.3251953125;0.5329437255859375;0.0465850830078125;
2020-08-08 17:08:27;1596931712.45851;portraitUpsideDown;-0.231842041015625;0.6494140625;0.00091552734375;
2020-08-08 17:08:27;1596931712.49817;portraitUpsideDown;-0.2628936767578125;0.817596435546875;0.013092041015625;
2020-08-08 17:08:27;1596931712.538231;portraitUpsideDown;-0.388885498046875;0.907989501953125;-0.0072021484375;
2020-08-08 17:08:27;1596931712.578117;portraitUpsideDown;-0.528167724609375;0.9929351806640625;-0.120208740234375;
2020-08-08 17:08:27;1596931712.61826;portraitUpsideDown;-0.4801788330078125;0.958251953125;-0.1503753662109375;
2020-08-08 17:08:27;1596931712.658627;portraitUpsideDown;-0.6358489990234375;1.0114288330078125;-0.01654052734375;
2020-08-08 17:08:27;1596931712.6983662;portraitUpsideDown;-0.6520538330078125;0.833221435546875;-0.2091522216796875;
2020-08-08 17:08:27;1596931712.7382898;portraitUpsideDown;-0.74444580078125;0.9958343505859375;-0.48553466796875;
2020-08-08 17:08:27;1596931712.778342;portraitUpsideDown;-0.6790771484375;0.8732757568359375;-0.2760772705078125;
2020-08-08 17:08:27;1596931712.818327;portraitUpsideDown;-0.7915802001953125;0.617767333984375;-0.0896148681640625;
2020-08-08 17:08:27;1596931712.858818;portraitUpsideDown;-0.7924346923828125;0.47491455078125;-0.0461883544921875;
2020-08-08 17:08:27;1596931712.898422;portraitUpsideDown;-0.682647705078125;0.4757232666015625;-0.062530517578125;
2020-08-08 17:08:27;1596931712.9386492;portraitUpsideDown;-0.58770751953125;0.5618896484375;-0.1500091552734375;
2020-08-08 17:08:27;1596931712.978454;portraitUpsideDown;-0.636383056640625;0.694183349609375;-0.2719879150390625;
2020-08-08 17:08:27;1596931713.018571;portraitUpsideDown;-0.731719970703125;0.8218994140625;-0.3414459228515625;
2020-08-08 17:08:27;1596931713.058514;portraitUpsideDown;-0.830535888671875;0.8466796875;-0.280364990234375;
2020-08-08 17:08:27;1596931713.098693;portraitUpsideDown;-0.9705657958984375;0.8796844482421875;-0.2683563232421875;
2020-08-08 17:08:27;1596931713.138496;portraitUpsideDown;-1.08111572265625;1.1259002685546875;-0.3473052978515625;
2020-08-08 17:08:27;1596931713.178714;portraitUpsideDown;-0.9434661865234375;1.1531219482421875;-0.41259765625;
2020-08-08 17:08:27;1596931713.218916;portraitUpsideDown;-0.5913848876953125;1.2930755615234375;-0.734283447265625;
2020-08-08 17:08:27;1596931713.258771;portraitUpsideDown;-0.3573760986328125;1.1339874267578125;-0.465118408203125;
2020-08-08 17:08:27;1596931713.298654;portraitUpsideDown;-0.310150146484375;0.7756195068359375;-0.196868896484375;
2020-08-08 17:08:27;1596931713.338906;portraitUpsideDown;-0.3094940185546875;0.642730712890625;-0.1212921142578125;
2020-08-08 17:08:27;1596931713.378765;portraitUpsideDown;-0.184783935546875;0.7178802490234375;-0.1686553955078125;
2020-08-08 17:08:27;1596931713.419242;portraitUpsideDown;-0.082763671875;0.8731689453125;-0.1866912841796875;
2020-08-08 17:08:27;1596931713.458797;portraitUpsideDown;-0.160369873046875;1.06024169921875;-0.1029205322265625;
2020-08-08 17:08:27;1596931713.499044;portraitUpsideDown;-0.3624267578125;1.202789306640625;0.0208892822265625;
2020-08-08 17:08:27;1596931713.538929;portraitUpsideDown;-0.42401123046875;1.278045654296875;0.030487060546875;
2020-08-08 17:08:27;1596931713.579088;portraitUpsideDown;-0.489776611328125;1.3651885986328125;-0.00714111328125;
2020-08-08 17:08:27;1596931713.6188722;portraitUpsideDown;-0.2554168701171875;0.991424560546875;-0.0460968017578125;
2020-08-08 17:08:27;1596931713.659141;portraitUpsideDown;-0.6199798583984375;0.8607635498046875;-0.179107666015625;
2020-08-08 17:08:27;1596931713.698987;portraitUpsideDown;-0.6949310302734375;0.9969635009765625;0.0265960693359375;
2020-08-08 17:08:27;1596931713.739186;portraitUpsideDown;-0.669525146484375;0.9068450927734375;0.11468505859375;
2020-08-08 17:08:27;1596931713.7794309;portraitUpsideDown;-0.695953369140625;0.6255035400390625;-0.033172607421875;
2020-08-08 17:08:27;1596931713.819234;portraitUpsideDown;-0.7157745361328125;0.441009521484375;-0.09002685546875;
2020-08-08 17:08:27;1596931713.8592649;portraitUpsideDown;-0.6594696044921875;0.46514892578125;-0.0878143310546875;
2020-08-08 17:08:27;1596931713.899331;portraitUpsideDown;-0.6775665283203125;0.62213134765625;-0.0723114013671875;
2020-08-08 17:08:27;1596931713.939698;portraitUpsideDown;-0.7593536376953125;0.723907470703125;-0.0394287109375;
2020-08-08 17:08:27;1596931713.979398;portraitUpsideDown;-0.799163818359375;0.84698486328125;-0.1356201171875;
2020-08-08 17:08:27;1596931714.0192661;portraitUpsideDown;-0.94317626953125;0.938507080078125;-0.216278076171875;
2020-08-08 17:08:27;1596931714.059447;portraitUpsideDown;-1.125030517578125;1.18243408203125;-0.3363494873046875;
2020-08-08 17:08:27;1596931714.099331;portraitUpsideDown;-0.9429931640625;1.00628662109375;-0.375579833984375;
2020-08-08 17:08:27;1596931714.1396189;portraitUpsideDown;-1.016754150390625;1.0992889404296875;-0.2274017333984375;
2020-08-08 17:08:27;1596931714.1793709;portraitUpsideDown;-0.9315643310546875;1.208953857421875;-0.3150177001953125;
2020-08-08 17:08:27;1596931714.219534;portraitUpsideDown;-0.6269989013671875;1.0416717529296875;-0.3738250732421875;
2020-08-08 17:08:27;1596931714.2595382;portraitUpsideDown;-0.52734375;0.8472900390625;-0.310882568359375;
2020-08-08 17:08:27;1596931714.2996058;portraitUpsideDown;-0.5031890869140625;0.849090576171875;-0.202789306640625;
2020-08-08 17:08:27;1596931714.3397899;portraitUpsideDown;-0.210174560546875;0.901031494140625;-0.251434326171875;
2020-08-08 17:08:27;1596931714.379775;portraitUpsideDown;0.1815948486328125;0.955718994140625;-0.145172119140625;
2020-08-08 17:08:27;1596931714.419551;portraitUpsideDown;0.140380859375;0.88360595703125;-0.1440887451171875;
2020-08-08 17:08:27;1596931714.459873;portraitUpsideDown;-0.23974609375;0.822235107421875;-0.1436004638671875;
2020-08-08 17:08:27;1596931714.499628;portraitUpsideDown;-0.4181671142578125;0.9121246337890625;-0.051849365234375;
2020-08-08 17:08:27;1596931714.5401201;portraitUpsideDown;-0.5335235595703125;1.234649658203125;-0.0640716552734375;
2020-08-08 17:08:27;1596931714.579675;portraitUpsideDown;-0.5483245849609375;0.954010009765625;-0.060333251953125;
2020-08-08 17:08:27;1596931714.6199121;portraitUpsideDown;-0.855010986328125;0.863739013671875;0.0709228515625;
2020-08-08 17:08:27;1596931714.65979;portraitUpsideDown;-0.7388153076171875;0.92279052734375;-0.06781005859375;
2020-08-08 17:08:27;1596931714.69996;portraitUpsideDown;-0.6268157958984375;0.9075775146484375;-0.2747955322265625;
2020-08-08 17:08:27;1596931714.740159;portraitUpsideDown;-0.655059814453125;0.8347930908203125;-0.0822601318359375;
2020-08-08 17:08:27;1596931714.7799091;portraitUpsideDown;-0.7591400146484375;0.6469879150390625;0.17169189453125;
2020-08-08 17:08:27;1596931714.819947;portraitUpsideDown;-0.82879638671875;0.513671875;0.15087890625;
2020-08-08 17:08:27;1596931714.8599958;portraitUpsideDown;-0.737945556640625;0.5988922119140625;0.0121002197265625;
2020-08-08 17:08:27;1596931714.8998508;portraitUpsideDown;-0.72314453125;0.71575927734375;-0.12841796875;
2020-08-08 17:08:27;1596931714.940058;portraitUpsideDown;-0.7083282470703125;0.7775115966796875;-0.2676239013671875;
2020-08-08 17:08:27;1596931714.9800239;portraitUpsideDown;-0.7832489013671875;0.805694580078125;-0.25152587890625;
2020-08-08 17:08:27;1596931715.02021;portraitUpsideDown;-0.7918243408203125;0.933624267578125;-0.2118988037109375;
2020-08-08 17:08:27;1596931715.060194;portraitUpsideDown;-0.8327178955078125;1.067535400390625;-0.3801422119140625;
2020-08-08 17:08:27;1596931715.10062;portraitUpsideDown;-0.7819366455078125;0.8695526123046875;-0.65350341796875;
2020-08-08 17:08:27;1596931715.14009;portraitUpsideDown;-0.76226806640625;0.6732635498046875;-0.68267822265625;
2020-08-08 17:08:27;1596931715.1803222;portraitUpsideDown;-0.7415924072265625;0.7479095458984375;-0.76214599609375;
2020-08-08 17:08:27;1596931715.220189;portraitUpsideDown;-0.87994384765625;0.829498291015625;-0.6246795654296875;
2020-08-08 17:08:27;1596931715.260417;portraitUpsideDown;-0.9442901611328125;0.921417236328125;-0.5475311279296875;
2020-08-08 17:08:27;1596931715.300655;portraitUpsideDown;-0.96392822265625;1.005767822265625;-0.7843780517578125;
2020-08-08 17:08:27;1596931715.340558;portraitUpsideDown;-0.8457183837890625;1.03826904296875;-0.4752960205078125;
2020-08-08 17:08:27;1596931715.380368;portraitUpsideDown;-0.7386322021484375;1.1125640869140625;-0.2799835205078125;
2020-08-08 17:08:27;1596931715.420514;portraitUpsideDown;-0.673248291015625;1.2254180908203125;-0.22589111328125;
2020-08-08 17:08:27;1596931715.460386;portraitUpsideDown;-0.498870849609375;1.2906494140625;-0.244720458984375;
2020-08-08 17:08:27;1596931715.500835;portraitUpsideDown;-0.0976715087890625;1.21875;-0.2071990966796875;
2020-08-08 17:08:27;1596931715.540454;portraitUpsideDown;0.0851287841796875;1.1390228271484375;0.0581207275390625;
2020-08-08 17:08:27;1596931715.580607;portraitUpsideDown;-0.0054931640625;1.0804595947265625;0.1493682861328125;
2020-08-08 17:08:27;1596931715.620527;portraitUpsideDown;-0.1380615234375;1.0037994384765625;0.1473846435546875;
2020-08-08 17:08:27;1596931715.66098;portraitUpsideDown;-0.3057708740234375;0.961151123046875;0.417724609375;
2020-08-08 17:08:27;1596931715.700622;portraitUpsideDown;-0.244659423828125;1.0892486572265625;0.499908447265625;
2020-08-08 17:08:27;1596931715.740804;portraitUpsideDown;-0.386383056640625;0.9798736572265625;0.300567626953125;
2020-08-08 17:08:27;1596931715.780724;portraitUpsideDown;-0.60504150390625;0.819610595703125;0.286407470703125;
2020-08-08 17:08:27;1596931715.82079;portraitUpsideDown;-0.73992919921875;0.6814117431640625;0.28033447265625;
2020-08-08 17:08:27;1596931715.8609982;portraitUpsideDown;-0.798095703125;0.629302978515625;0.220794677734375;
2020-08-08 17:08:27;1596931715.900991;portraitUpsideDown;-0.822052001953125;0.691558837890625;0.1566162109375;
2020-08-08 17:08:27;1596931715.940834;portraitUpsideDown;-0.919525146484375;0.87664794921875;0.065155029296875;
2020-08-08 17:08:27;1596931715.9812179;portraitUpsideDown;-0.9505767822265625;0.994720458984375;-0.133636474609375;
2020-08-08 17:08:27;1596931716.020883;portraitUpsideDown;-0.8836212158203125;0.9104766845703125;-0.3399658203125;
2020-08-08 17:08:27;1596931716.061341;portraitUpsideDown;-0.7462158203125;0.660614013671875;-0.37811279296875;
2020-08-08 17:08:27;1596931716.100852;portraitUpsideDown;-0.858428955078125;0.847259521484375;-0.0649261474609375;
2020-08-08 17:08:27;1596931716.14109;portraitUpsideDown;-1.018402099609375;1.2845916748046875;0.0367431640625;
2020-08-08 17:08:27;1596931716.181009;portraitUpsideDown;-0.9619293212890625;1.3738555908203125;-0.1713714599609375;
2020-08-08 17:08:27;1596931716.221081;portraitUpsideDown;-0.69793701171875;1.140716552734375;-0.445709228515625;
2020-08-08 17:08:27;1596931716.261436;portraitUpsideDown;-0.5706329345703125;0.9995269775390625;-0.22210693359375;
2020-08-08 17:08:27;1596931716.3011742;portraitUpsideDown;-0.48602294921875;1.09130859375;0.13067626953125;
2020-08-08 17:08:27;1596931716.3411279;portraitUpsideDown;0.01763916015625;1.0990142822265625;0.367401123046875;
2020-08-08 17:08:27;1596931716.381181;portraitUpsideDown;0.441986083984375;1.168182373046875;0.1616668701171875;
2020-08-08 17:08:27;1596931716.4211211;portraitUpsideDown;0.2130279541015625;1.201568603515625;-0.0478057861328125;
2020-08-08 17:08:27;1596931716.461427;portraitUpsideDown;0.1240386962890625;1.1720428466796875;0.1877899169921875;
2020-08-08 17:08:27;1596931716.501297;portraitUpsideDown;0.026336669921875;1.0399932861328125;0.1135101318359375;
2020-08-08 17:08:27;1596931716.541422;portraitUpsideDown;-0.33587646484375;1.28411865234375;0.17010498046875;
2020-08-08 17:08:27;1596931716.5813189;portraitUpsideDown;-0.6239776611328125;1.1334075927734375;-0.03497314453125;
2020-08-08 17:08:27;1596931716.621774;portraitUpsideDown;-0.860870361328125;1.3305511474609375;0.0605621337890625;
2020-08-08 17:08:27;1596931716.661374;portraitUpsideDown;-0.733001708984375;1.1982574462890625;-0.0434417724609375;
2020-08-08 17:08:27;1596931716.701381;portraitUpsideDown;-0.6309814453125;0.7844696044921875;-0.054168701171875;
2020-08-08 17:08:27;1596931716.741455;portraitUpsideDown;-0.630401611328125;0.539276123046875;0.1297149658203125;
2020-08-08 17:08:27;1596931716.781606;portraitUpsideDown;-0.505767822265625;0.5048065185546875;0.165008544921875;
2020-08-08 17:08:27;1596931716.8218188;portraitUpsideDown;-0.42132568359375;0.585662841796875;0.0894317626953125;
2020-08-08 17:08:27;1596931716.861407;portraitUpsideDown;-0.4865264892578125;0.688262939453125;-0.1326141357421875;
2020-08-08 17:08:27;1596931716.901628;portraitUpsideDown;-0.705657958984375;0.92913818359375;-0.261474609375;
2020-08-08 17:08:27;1596931716.941574;portraitUpsideDown;-0.816925048828125;0.985809326171875;-0.2730255126953125;
2020-08-08 17:08:27;1596931716.9815621;portraitUpsideDown;-0.9506988525390625;1.000701904296875;-0.242889404296875;
2020-08-08 17:08:27;1596931717.0221338;portraitUpsideDown;-1.1053009033203125;1.2365875244140625;-0.3592529296875;
2020-08-08 17:08:27;1596931717.061615;portraitUpsideDown;-1.0578460693359375;0.9269866943359375;-0.2012481689453125;
2020-08-08 17:08:27;1596931717.101849;portraitUpsideDown;-0.8233184814453125;1.19097900390625;-0.2167510986328125;
2020-08-08 17:08:27;1596931717.141748;portraitUpsideDown;-0.40582275390625;1.2399444580078125;0.010101318359375;
2020-08-08 17:08:27;1596931717.1817799;portraitUpsideDown;-0.5024261474609375;1.000732421875;0.029083251953125;
2020-08-08 17:08:27;1596931717.22173;portraitUpsideDown;-0.4196319580078125;0.8188018798828125;0.2795562744140625;
2020-08-08 17:08:27;1596931717.261935;portraitUpsideDown;-0.186431884765625;0.71051025390625;0.3809967041015625;
2020-08-08 17:08:27;1596931717.301852;portraitUpsideDown;-0.1480865478515625;0.766754150390625;0.3511810302734375;
2020-08-08 17:08:27;1596931717.341969;portraitUpsideDown;-0.2170562744140625;0.882720947265625;0.2614288330078125;
2020-08-08 17:08:27;1596931717.382224;portraitUpsideDown;-0.286041259765625;1.107421875;0.2171173095703125;
2020-08-08 17:08:27;1596931717.4219708;portraitUpsideDown;-0.2635345458984375;1.310211181640625;0.1809539794921875;
2020-08-08 17:08:27;1596931717.46181;portraitUpsideDown;-0.37689208984375;1.3090972900390625;0.14678955078125;
2020-08-08 17:08:27;1596931717.502166;portraitUpsideDown;-0.1430206298828125;1.153228759765625;-0.0114288330078125;
2020-08-08 17:08:27;1596931717.5421948;portraitUpsideDown;-0.2162322998046875;1.136444091796875;0.066864013671875;
2020-08-08 17:08:27;1596931717.582533;portraitUpsideDown;-0.26214599609375;1.168487548828125;-0.0309906005859375;
2020-08-08 17:08:27;1596931717.622133;portraitUpsideDown;-0.111724853515625;0.88043212890625;-0.0705413818359375;
2020-08-08 17:08:27;1596931717.662456;portraitUpsideDown;-0.326568603515625;0.5398101806640625;0.10675048828125;
2020-08-08 17:08:27;1596931717.702446;portraitUpsideDown;-0.380279541015625;0.4526519775390625;0.1421356201171875;
2020-08-08 17:08:27;1596931717.7424998;portraitUpsideDown;-0.384490966796875;0.660675048828125;-0.1135101318359375;
2020-08-08 17:08:27;1596931717.782596;portraitUpsideDown;-0.695709228515625;1.0007476806640625;-0.6323089599609375;
2020-08-08 17:08:27;1596931717.8224459;portraitUpsideDown;-1.1097869873046875;1.225982666015625;-0.4161224365234375;
2020-08-08 17:08:27;1596931717.86243;portraitUpsideDown;-1.3422393798828125;1.0137176513671875;0.2411041259765625;
2020-08-08 17:08:27;1596931717.902563;portraitUpsideDown;-1.483642578125;0.73333740234375;0.03643798828125;
2020-08-08 17:08:27;1596931717.94247;portraitUpsideDown;-1.7248382568359375;0.93695068359375;-0.217681884765625;
2020-08-08 17:08:27;1596931717.982387;portraitUpsideDown;-1.4640350341796875;0.9192657470703125;-0.1825714111328125;
2020-08-08 17:08:27;1596931718.022595;portraitUpsideDown;-1.2624969482421875;1.187347412109375;-0.299652099609375;
2020-08-08 17:08:27;1596931718.062605;portraitUpsideDown;-1.0045928955078125;1.200897216796875;-0.3775177001953125;
2020-08-08 17:08:27;1596931718.102571;portraitUpsideDown;-0.7752532958984375;0.829681396484375;-0.295867919921875;
2020-08-08 17:08:27;1596931718.1429129;portraitUpsideDown;-0.5494537353515625;0.7454833984375;-0.2944183349609375;
2020-08-08 17:08:27;1596931718.182545;portraitUpsideDown;-0.186279296875;0.86181640625;-0.17169189453125;
2020-08-08 17:08:27;1596931718.222588;portraitUpsideDown;0.0090789794921875;1.1440887451171875;0.109619140625;
2020-08-08 17:08:27;1596931718.2625852;portraitUpsideDown;0.1831817626953125;1.3736724853515625;0.2086029052734375;
2020-08-08 17:08:27;1596931718.302701;portraitUpsideDown;0.4914093017578125;1.3348236083984375;-0.030242919921875;
2020-08-08 17:08:27;1596931718.342908;portraitUpsideDown;0.5251617431640625;1.3223724365234375;-0.0385894775390625;
2020-08-08 17:08:27;1596931718.3826761;portraitUpsideDown;0.4508056640625;1.2306976318359375;0.20269775390625;
2020-08-08 17:08:27;1596931718.42257;portraitUpsideDown;-0.1754150390625;1.4710693359375;0.34185791015625;
2020-08-08 17:08:27;1596931718.462834;portraitUpsideDown;-0.624664306640625;1.1491851806640625;0.3112335205078125;
2020-08-08 17:08:27;1596931718.502672;portraitUpsideDown;-1.0242767333984375;1.535308837890625;0.1750030517578125;
2020-08-08 17:08:27;1596931718.5432448;portraitUpsideDown;-1.14166259765625;1.381561279296875;-0.0402679443359375;
2020-08-08 17:08:27;1596931718.582804;portraitUpsideDown;-1.1058807373046875;0.8445892333984375;-0.3455657958984375;
2020-08-08 17:08:27;1596931718.622983;portraitUpsideDown;-0.8842926025390625;0.4882659912109375;-0.0915679931640625;
2020-08-08 17:08:27;1596931718.662963;portraitUpsideDown;-0.7948760986328125;0.3569793701171875;0.0202789306640625;
2020-08-08 17:08:27;1596931718.702959;portraitUpsideDown;-0.7790679931640625;0.3712158203125;0.0182647705078125;
2020-08-08 17:08:27;1596931718.7432609;portraitUpsideDown;-0.689117431640625;0.579620361328125;-0.02288818359375;
2020-08-08 17:08:27;1596931718.782989;portraitUpsideDown;-0.7266693115234375;0.9491424560546875;-0.09039306640625;
2020-08-08 17:08:27;1596931718.823019;portraitUpsideDown;-0.8622589111328125;1.044647216796875;-0.0988006591796875;
2020-08-08 17:08:27;1596931718.8630738;portraitUpsideDown;-1.081146240234375;1.0059051513671875;-0.1481475830078125;
2020-08-08 17:08:27;1596931718.903074;portraitUpsideDown;-1.0636444091796875;1.321258544921875;-0.2803192138671875;
2020-08-08 17:08:27;1596931718.943471;portraitUpsideDown;-0.917022705078125;1.1036834716796875;-0.164581298828125;
2020-08-08 17:08:27;1596931718.9831681;portraitUpsideDown;-1.0082244873046875;1.409881591796875;-0.143280029296875;
2020-08-08 17:08:27;1596931719.023423;portraitUpsideDown;-0.7192230224609375;1.4547119140625;-0.155242919921875;
2020-08-08 17:08:27;1596931719.063178;portraitUpsideDown;-0.47705078125;1.1685943603515625;-0.218536376953125;
2020-08-08 17:08:27;1596931719.103554;portraitUpsideDown;-0.32763671875;0.94207763671875;-0.0729522705078125;
2020-08-08 17:08:27;1596931719.143307;portraitUpsideDown;-0.149749755859375;0.7936553955078125;0.0782928466796875;
2020-08-08 17:08:27;1596931719.183432;portraitUpsideDown;-0.0571136474609375;0.7156219482421875;0.1899871826171875;
2020-08-08 17:08:27;1596931719.223398;portraitUpsideDown;0.0679779052734375;0.8227081298828125;0.16461181640625;
2020-08-08 17:08:27;1596931719.2633948;portraitUpsideDown;0.001617431640625;0.986297607421875;0.08441162109375;
2020-08-08 17:08:27;1596931719.303801;portraitUpsideDown;0.0085906982421875;0.998870849609375;0.131195068359375;
2020-08-08 17:08:27;1596931719.343461;portraitUpsideDown;-0.0494384765625;1.0716094970703125;-0.0155029296875;
2020-08-08 17:08:27;1596931719.383487;portraitUpsideDown;-0.3338165283203125;1.4438629150390625;0.062713623046875;
2020-08-08 17:08:27;1596931719.423565;portraitUpsideDown;-0.1555938720703125;1.266387939453125;-0.0956878662109375;
2020-08-08 17:08:27;1596931719.46357;portraitUpsideDown;-0.540924072265625;1.3289794921875;-0.296875;
2020-08-08 17:08:27;1596931719.504103;portraitUpsideDown;-0.7594757080078125;1.1753387451171875;-0.1055450439453125;
2020-08-08 17:08:27;1596931719.5435882;portraitUpsideDown;-0.64154052734375;0.9209747314453125;0.05474853515625;
2020-08-08 17:08:27;1596931719.583887;portraitUpsideDown;-0.658355712890625;0.728240966796875;0.164764404296875;
2020-08-08 17:08:27;1596931719.6237211;portraitUpsideDown;-0.6154022216796875;0.645721435546875;0.238983154296875;
2020-08-08 17:08:27;1596931719.66414;portraitUpsideDown;-0.539794921875;0.7763519287109375;0.07769775390625;
2020-08-08 17:08:27;1596931719.703963;portraitUpsideDown;-0.672698974609375;0.7776947021484375;-0.2002716064453125;
2020-08-08 17:08:27;1596931719.743921;portraitUpsideDown;-0.92010498046875;0.85028076171875;-0.3451995849609375;
2020-08-08 17:08:27;1596931719.783817;portraitUpsideDown;-1.0313873291015625;1.0165252685546875;-0.477325439453125;
2020-08-08 17:08:27;1596931719.8238912;portraitUpsideDown;-1.082855224609375;1.070281982421875;-0.45294189453125;
2020-08-08 17:08:27;1596931719.864263;portraitUpsideDown;-1.1440887451171875;1.089874267578125;-0.24029541015625;
2020-08-08 17:08:27;1596931719.904192;portraitUpsideDown;-1.1287689208984375;1.020599365234375;0.11956787109375;
2020-08-08 17:08:27;1596931719.9438949;portraitUpsideDown;-1.00848388671875;1.4094390869140625;-0.052001953125;
2020-08-08 17:08:27;1596931719.984024;portraitUpsideDown;-0.886627197265625;1.57818603515625;-0.1351470947265625;
2020-08-08 17:08:27;1596931720.02374;portraitUpsideDown;-0.79571533203125;1.4431304931640625;0.048431396484375;
2020-08-08 17:08:27;1596931720.064477;portraitUpsideDown;-0.44342041015625;1.22564697265625;0.2955322265625;
2020-08-08 17:08:27;1596931720.104212;portraitUpsideDown;-0.234222412109375;0.9149627685546875;0.4161529541015625;
2020-08-08 17:08:27;1596931720.1441221;portraitUpsideDown;-0.2628631591796875;0.647064208984375;0.3957061767578125;
2020-08-08 17:08:27;1596931720.184101;portraitUpsideDown;-0.2819366455078125;0.569091796875;0.3657379150390625;
2020-08-08 17:08:27;1596931720.224183;portraitUpsideDown;-0.1039886474609375;0.6247406005859375;0.3154449462890625;
2020-08-08 17:08:27;1596931720.264431;portraitUpsideDown;0.0225677490234375;0.7630767822265625;0.3805999755859375;
2020-08-08 17:08:27;1596931720.304498;portraitUpsideDown;0.0400238037109375;0.9760589599609375;0.241790771484375;
2020-08-08 17:08:27;1596931720.344222;portraitUpsideDown;0.0170135498046875;1.1141204833984375;-0.0403289794921875;
2020-08-08 17:08:27;1596931720.384428;portraitUpsideDown;-0.26019287109375;1.4069061279296875;-0.0807647705078125;
2020-08-08 17:08:27;1596931720.42429;portraitUpsideDown;-0.551544189453125;1.4117889404296875;-0.0633697509765625;
2020-08-08 17:08:27;1596931720.464808;portraitUpsideDown;-0.9085845947265625;1.73284912109375;0.0052337646484375;
2020-08-08 17:08:27;1596931720.5045772;portraitUpsideDown;-0.7482452392578125;1.62689208984375;-0.2894744873046875;
2020-08-08 17:08:27;1596931720.544551;portraitUpsideDown;-0.694610595703125;1.1455535888671875;-0.362396240234375;
2020-08-08 17:08:27;1596931720.584472;portraitUpsideDown;-0.7619781494140625;0.7839813232421875;-0.1990814208984375;
2020-08-08 17:08:27;1596931720.624607;portraitUpsideDown;-0.657012939453125;0.7063140869140625;0.00018310546875;
2020-08-08 17:08:27;1596931720.66448;portraitUpsideDown;-0.53179931640625;0.81597900390625;0.0515289306640625;
2020-08-08 17:08:27;1596931720.704568;portraitUpsideDown;-0.4513092041015625;0.9641265869140625;-0.0299530029296875;
2020-08-08 17:08:27;1596931720.744652;portraitUpsideDown;-0.6036834716796875;1.056182861328125;-0.0833740234375;
2020-08-08 17:08:27;1596931720.784677;portraitUpsideDown;-0.8029327392578125;1.2198486328125;-0.20196533203125;
2020-08-08 17:08:27;1596931720.824929;portraitUpsideDown;-1.0540924072265625;1.1199798583984375;-0.300201416015625;
2020-08-08 17:08:27;1596931720.864881;portraitUpsideDown;-1.286163330078125;0.7973785400390625;-0.2626800537109375;
2020-08-08 17:08:27;1596931720.904666;portraitUpsideDown;-1.1630859375;0.9828338623046875;-0.2528839111328125;
2020-08-08 17:08:27;1596931720.944861;portraitUpsideDown;-0.870758056640625;1.2374725341796875;-0.0995635986328125;
2020-08-08 17:08:27;1596931720.9848099;portraitUpsideDown;-0.96173095703125;1.4802703857421875;-0.0689544677734375;
2020-08-08 17:08:27;1596931721.0249329;portraitUpsideDown;-0.9384765625;1.5632781982421875;-0.2056732177734375;
2020-08-08 17:08:27;1596931721.064942;portraitUpsideDown;-0.5899658203125;1.4517974853515625;-0.2467193603515625;
2020-08-08 17:08:27;1596931721.105928;portraitUpsideDown;-0.3586273193359375;1.1847381591796875;-0.1463775634765625;
2020-08-08 17:08:27;1596931721.144897;portraitUpsideDown;-0.29205322265625;1.072113037109375;-0.067901611328125;
2020-08-08 17:08:27;1596931721.185086;portraitUpsideDown;-0.2281036376953125;1.0298614501953125;-0.0424957275390625;
2020-08-08 17:08:27;1596931721.2249742;portraitUpsideDown;-0.1628265380859375;0.9522705078125;-0.12054443359375;
2020-08-08 17:08:27;1596931721.26613;portraitUpsideDown;-0.15771484375;0.933135986328125;-0.074371337890625;
2020-08-08 17:08:27;1596931721.306222;portraitUpsideDown;-0.1041717529296875;0.9105377197265625;-0.0486602783203125;
2020-08-08 17:08:27;1596931721.345162;portraitUpsideDown;-0.10205078125;0.947509765625;-0.0472564697265625;
2020-08-08 17:08:27;1596931721.385328;portraitUpsideDown;-0.043487548828125;0.9539031982421875;-0.037445068359375;
2020-08-08 17:08:27;1596931721.425301;portraitUpsideDown;-0.1216278076171875;0.7855682373046875;-0.04986572265625;
2020-08-08 17:08:27;1596931721.465116;portraitUpsideDown;-0.4972076416015625;0.9678192138671875;0.208740234375;
2020-08-08 17:08:27;1596931721.506201;portraitUpsideDown;-0.354888916015625;1.068695068359375;0.3192596435546875;
2020-08-08 17:08:27;1596931721.545182;portraitUpsideDown;-0.682281494140625;1.4434051513671875;-0.0562286376953125;
2020-08-08 17:08:27;1596931721.586543;portraitUpsideDown;-1.023529052734375;1.513824462890625;-0.028106689453125;
2020-08-08 17:08:27;1596931721.625169;portraitUpsideDown;-1.092620849609375;1.15362548828125;0.1616668701171875;
2020-08-08 17:08:27;1596931721.666552;portraitUpsideDown;-1.044281005859375;0.78997802734375;0.1222686767578125;
2020-08-08 17:08:27;1596931721.706332;portraitUpsideDown;-0.891998291015625;0.6974639892578125;-0.0901947021484375;
2020-08-08 17:08:27;1596931721.746704;portraitUpsideDown;-0.8115692138671875;0.705718994140625;0.0987548828125;
2020-08-08 17:08:27;1596931721.7866359;portraitUpsideDown;-0.5778656005859375;0.6009674072265625;-0.024200439453125;
2020-08-08 17:08:27;1596931721.826631;portraitUpsideDown;-0.6127166748046875;0.71246337890625;-0.184173583984375;
2020-08-08 17:08:27;1596931721.866654;portraitUpsideDown;-0.7408447265625;0.7533416748046875;-0.1254119873046875;
2020-08-08 17:08:27;1596931721.906485;portraitUpsideDown;-0.8867950439453125;0.7538909912109375;0.0100555419921875;
2020-08-08 17:08:27;1596931721.9467201;portraitUpsideDown;-0.9597015380859375;0.6679534912109375;0.1201324462890625;
2020-08-08 17:08:27;1596931721.986562;portraitUpsideDown;-1.073974609375;0.5125579833984375;0.172149658203125;
2020-08-08 17:08:27;1596931722.026717;portraitUpsideDown;-0.9884185791015625;0.5376434326171875;-0.139801025390625;
2020-08-08 17:08:27;1596931722.0666971;portraitUpsideDown;-0.756103515625;0.754058837890625;-0.2696533203125;
2020-08-08 17:08:27;1596931722.1066;portraitUpsideDown;-0.6936187744140625;1.130950927734375;-0.3564453125;
2020-08-08 17:08:27;1596931722.14663;portraitUpsideDown;-0.620208740234375;1.3060760498046875;-0.4941253662109375;
2020-08-08 17:08:27;1596931722.1866732;portraitUpsideDown;-0.479522705078125;1.1626434326171875;-0.427764892578125;
2020-08-08 17:08:27;1596931722.2268538;portraitUpsideDown;-0.4344482421875;0.8758697509765625;-0.336395263671875;
2020-08-08 17:08:27;1596931722.266716;portraitUpsideDown;-0.4350738525390625;0.6199493408203125;-0.1693878173828125;
2020-08-08 17:08:27;1596931722.30667;portraitUpsideDown;-0.3732757568359375;0.430572509765625;-0.2149810791015625;
2020-08-08 17:08:27;1596931722.34664;portraitUpsideDown;-0.42987060546875;0.6207275390625;-0.42608642578125;
2020-08-08 17:08:27;1596931722.386631;portraitUpsideDown;-0.508575439453125;0.7717132568359375;-0.540008544921875;
2020-08-08 17:08:27;1596931722.426728;portraitUpsideDown;-0.69476318359375;0.8750457763671875;-0.5669403076171875;
2020-08-08 17:08:27;1596931722.46679;portraitUpsideDown;-0.7206573486328125;0.7687225341796875;-0.6226654052734375;
2020-08-08 17:08:27;1596931722.5067248;portraitUpsideDown;-0.9364166259765625;0.6992034912109375;-0.6004486083984375;
2020-08-08 17:08:27;1596931722.5468469;portraitUpsideDown;-0.952728271484375;0.7697601318359375;-0.452728271484375;
2020-08-08 17:08:27;1596931722.586806;portraitUpsideDown;-0.88494873046875;0.92327880859375;-0.3959503173828125;
2020-08-08 17:08:27;1596931722.6266088;portraitUpsideDown;-0.8094024658203125;1.1008453369140625;-0.4574432373046875;
2020-08-08 17:08:27;1596931722.666665;portraitUpsideDown;-0.58612060546875;1.0902252197265625;-0.1703643798828125;
2020-08-08 17:08:27;1596931722.7068071;portraitUpsideDown;-0.0463409423828125;1.1236724853515625;0.0792083740234375;
2020-08-08 17:08:27;1596931722.7466521;portraitUpsideDown;-0.1368408203125;1.0194244384765625;0.044158935546875;
2020-08-08 17:08:27;1596931722.7866259;portraitUpsideDown;-0.1497039794921875;1.0552978515625;0.08447265625;
2020-08-08 17:08:27;1596931722.8266602;portraitUpsideDown;-0.09637451171875;1.10687255859375;0.2404937744140625;
2020-08-08 17:08:27;1596931722.866683;portraitUpsideDown;-0.2026519775390625;1.1292572021484375;0.475555419921875;
2020-08-08 17:08:27;1596931722.907382;portraitUpsideDown;-0.361907958984375;1.21588134765625;0.588470458984375;
2020-08-08 17:08:27;1596931722.946735;portraitUpsideDown;-0.4182586669921875;1.3374786376953125;0.213409423828125;
2020-08-08 17:08:27;1596931722.986668;portraitUpsideDown;-0.40521240234375;1.1120147705078125;0.0260772705078125;
2020-08-08 17:08:27;1596931723.0265942;portraitUpsideDown;-0.4961700439453125;0.905792236328125;0.2250823974609375;
2020-08-08 17:08:27;1596931723.066385;portraitUpsideDown;-0.62884521484375;0.80364990234375;0.3246917724609375;
2020-08-08 17:08:27;1596931723.106905;portraitUpsideDown;-0.6906280517578125;0.7339324951171875;0.18975830078125;
2020-08-08 17:08:27;1596931723.146703;portraitUpsideDown;-0.7673797607421875;0.743927001953125;0.017578125;
2020-08-08 17:08:27;1596931723.1868582;portraitUpsideDown;-0.8485870361328125;0.69580078125;-0.0998992919921875;
2020-08-08 17:08:27;1596931723.226846;portraitUpsideDown;-0.8748016357421875;0.660491943359375;-0.023590087890625;
2020-08-08 17:08:27;1596931723.2667441;portraitUpsideDown;-0.86907958984375;0.6943206787109375;-0.0911865234375;
2020-08-08 17:08:27;1596931723.306874;portraitUpsideDown;-0.85321044921875;0.763214111328125;-0.258148193359375;
2020-08-08 17:08:27;1596931723.346743;portraitUpsideDown;-0.927215576171875;1.023712158203125;-0.3247222900390625;
2020-08-08 17:08:27;1596931723.386705;portraitUpsideDown;-0.9360198974609375;1.1764984130859375;-0.243377685546875;
2020-08-08 17:08:27;1596931723.426918;portraitUpsideDown;-1.0453033447265625;1.4048004150390625;-0.2440032958984375;
2020-08-08 17:08:27;1596931723.46673;portraitUpsideDown;-0.890899658203125;1.399749755859375;-0.218292236328125;
2020-08-08 17:08:27;1596931723.507262;portraitUpsideDown;-0.9424896240234375;1.500640869140625;-0.183258056640625;
2020-08-08 17:08:27;1596931723.546863;portraitUpsideDown;-0.9394989013671875;1.7293548583984375;-0.22125244140625;
2020-08-08 17:08:27;1596931723.586989;portraitUpsideDown;-0.60809326171875;1.6885986328125;-0.3187103271484375;
2020-08-08 17:08:27;1596931723.6268969;portraitUpsideDown;-0.3373565673828125;1.3904876708984375;-0.2495269775390625;
2020-08-08 17:08:27;1596931723.6670032;portraitUpsideDown;-0.0852508544921875;1.1239471435546875;-0.0173797607421875;
2020-08-08 17:08:27;1596931723.707158;portraitUpsideDown;-0.06201171875;1.0567779541015625;-0.0294036865234375;
2020-08-08 17:08:27;1596931723.747067;portraitUpsideDown;-0.1179656982421875;1.0024871826171875;-0.0258636474609375;
2020-08-08 17:08:27;1596931723.7869492;portraitUpsideDown;-0.059234619140625;0.9887542724609375;0.0999908447265625;
2020-08-08 17:08:27;1596931723.827106;portraitUpsideDown;-0.0029296875;0.9767303466796875;0.11590576171875;
2020-08-08 17:08:27;1596931723.867041;portraitUpsideDown;0.029998779296875;0.8883819580078125;0.1756134033203125;
2020-08-08 17:08:27;1596931723.907201;portraitUpsideDown;-0.23834228515625;1.0749053955078125;0.332489013671875;
2020-08-08 17:08:27;1596931723.947043;portraitUpsideDown;-0.391265869140625;1.2164154052734375;0.145477294921875;
2020-08-08 17:08:27;1596931723.987143;portraitUpsideDown;-0.7527618408203125;1.4326171875;-0.1824798583984375;
2020-08-08 17:08:27;1596931724.0271292;portraitUpsideDown;-0.89935302734375;1.6898040771484375;-0.0814666748046875;
2020-08-08 17:08:27;1596931724.067095;portraitUpsideDown;-0.9965057373046875;1.3298797607421875;0.0232391357421875;
2020-08-08 17:08:27;1596931724.1074471;portraitUpsideDown;-1.0091094970703125;0.8100738525390625;0.1365203857421875;
2020-08-08 17:08:27;1596931724.147204;portraitUpsideDown;-0.9427642822265625;0.5816802978515625;0.0069580078125;
2020-08-08 17:08:27;1596931724.187334;portraitUpsideDown;-0.9389190673828125;0.681243896484375;-0.0662994384765625;
2020-08-08 17:08:27;1596931724.227425;portraitUpsideDown;-0.80902099609375;0.789398193359375;-0.0602264404296875;
2020-08-08 17:08:27;1596931724.267657;portraitUpsideDown;-0.81793212890625;0.883270263671875;-0.1403656005859375;
2020-08-08 17:08:27;1596931724.3075051;portraitUpsideDown;-1.162353515625;0.882049560546875;-0.37841796875;
2020-08-08 17:08:27;1596931724.347434;portraitUpsideDown;-1.27569580078125;0.7722015380859375;-0.3627777099609375;
2020-08-08 17:08:27;1596931724.387615;portraitUpsideDown;-1.2819976806640625;1.122222900390625;-0.3059539794921875;
2020-08-08 17:08:27;1596931724.427606;portraitUpsideDown;-1.0819091796875;1.2744293212890625;-0.27593994140625;
2020-08-08 17:08:27;1596931724.4675379;portraitUpsideDown;-0.9382171630859375;1.3043060302734375;-0.2574310302734375;
2020-08-08 17:08:27;1596931724.507309;portraitUpsideDown;-0.5998992919921875;1.42962646484375;-0.4556427001953125;
2020-08-08 17:08:27;1596931724.547639;portraitUpsideDown;-0.2587890625;1.17791748046875;-0.6442108154296875;
2020-08-08 17:08:27;1596931724.587538;portraitUpsideDown;-0.3534393310546875;0.8482666015625;-0.3307342529296875;
2020-08-08 17:08:27;1596931724.62782;portraitUpsideDown;-0.5143585205078125;0.8258209228515625;-0.18243408203125;
2020-08-08 17:08:27;1596931724.667677;portraitUpsideDown;-0.7481536865234375;1.0186614990234375;-0.1765289306640625;
2020-08-08 17:08:27;1596931724.7077742;portraitUpsideDown;-0.6556549072265625;1.2646636962890625;-0.1897430419921875;
2020-08-08 17:08:27;1596931724.7477798;portraitUpsideDown;-0.2543182373046875;1.277557373046875;-0.275543212890625;
2020-08-08 17:08:27;1596931724.787972;portraitUpsideDown;-0.072906494140625;1.4301300048828125;-0.22760009765625;
2020-08-08 17:08:27;1596931724.828185;portraitUpsideDown;0.21844482421875;1.2987823486328125;0.17645263671875;
2020-08-08 17:08:27;1596931724.868003;portraitUpsideDown;0.287750244140625;0.9267578125;0.3233642578125;
2020-08-08 17:08:27;1596931724.907809;portraitUpsideDown;0.00537109375;1.0314178466796875;0.3531494140625;
2020-08-08 17:08:27;1596931724.9479752;portraitUpsideDown;-0.16046142578125;1.1429443359375;0.2321014404296875;
2020-08-08 17:08:27;1596931724.98792;portraitUpsideDown;-0.5435791015625;1.4353790283203125;0.09710693359375;
2020-08-08 17:08:27;1596931725.02802;portraitUpsideDown;-0.7881927490234375;1.31915283203125;0.2311859130859375;
2020-08-08 17:08:27;1596931725.0680761;portraitUpsideDown;-0.82232666015625;1.0680999755859375;0.215576171875;
2020-08-08 17:08:27;1596931725.108104;portraitUpsideDown;-0.8167572021484375;0.9429168701171875;0.0092926025390625;
2020-08-08 17:08:27;1596931725.148113;portraitUpsideDown;-0.89263916015625;0.929443359375;-0.01318359375;
2020-08-08 17:08:27;1596931725.188529;portraitUpsideDown;-0.970855712890625;1.0399169921875;-0.1150054931640625;
2020-08-08 17:08:27;1596931725.2281342;portraitUpsideDown;-1.005767822265625;1.074066162109375;-0.3973236083984375;
2020-08-08 17:08:27;1596931725.268282;portraitUpsideDown;-0.9990234375;1.1059722900390625;-0.6178131103515625;
2020-08-08 17:08:27;1596931725.30813;portraitUpsideDown;-0.984344482421875;0.9897308349609375;-0.4199676513671875;
2020-08-08 17:08:27;1596931725.348345;portraitUpsideDown;-0.8916015625;0.7779693603515625;-0.3548736572265625;
2020-08-08 17:08:27;1596931725.3886762;portraitUpsideDown;-0.7615509033203125;0.807281494140625;-0.432464599609375;
2020-08-08 17:08:27;1596931725.428386;portraitUpsideDown;-0.9431915283203125;1.132965087890625;-0.1652984619140625;
2020-08-08 17:08:27;1596931725.468391;portraitUpsideDown;-1.139190673828125;1.4517669677734375;-0.1226806640625;
2020-08-08 17:08:27;1596931725.508449;portraitUpsideDown;-0.832763671875;1.76007080078125;-0.4153289794921875;
2020-08-08 17:08:27;1596931725.548246;portraitUpsideDown;-0.573028564453125;1.5294189453125;-0.81256103515625;
2020-08-08 17:08:27;1596931725.588585;portraitUpsideDown;-0.7063751220703125;1.4376678466796875;-0.238525390625;
2020-08-08 17:08:27;1596931725.628474;portraitUpsideDown;-0.599761962890625;1.64324951171875;-0.060089111328125;
2020-08-08 17:08:27;1596931725.668624;portraitUpsideDown;-0.1512908935546875;1.595062255859375;-0.006744384765625;
2020-08-08 17:08:27;1596931725.7084908;portraitUpsideDown;0.236663818359375;1.3570556640625;0.0610809326171875;
2020-08-08 17:08:27;1596931725.748961;portraitUpsideDown;0.2509765625;1.2448577880859375;0.1316375732421875;
2020-08-08 17:08:27;1596931725.788509;portraitUpsideDown;0.202911376953125;1.122711181640625;0.095550537109375;
2020-08-08 17:08:27;1596931725.828723;portraitUpsideDown;0.371612548828125;0.9708099365234375;0.05633544921875;
2020-08-08 17:08:27;1596931725.86867;portraitUpsideDown;0.2874908447265625;1.1207427978515625;-0.029388427734375;
2020-08-08 17:08:27;1596931725.908804;portraitUpsideDown;0.122344970703125;1.085968017578125;-0.0671539306640625;
2020-08-08 17:08:27;1596931725.9490972;portraitUpsideDown;-0.3361358642578125;1.451873779296875;-0.080474853515625;
2020-08-08 17:08:27;1596931725.9887419;portraitUpsideDown;-0.4666900634765625;1.663482666015625;-0.0945281982421875;
2020-08-08 17:08:27;1596931726.028697;portraitUpsideDown;-0.5972442626953125;1.491485595703125;-0.301116943359375;
2020-08-08 17:08:27;1596931726.0689769;portraitUpsideDown;-0.8455657958984375;1.2620086669921875;-0.1681976318359375;
2020-08-08 17:08:27;1596931726.1088629;portraitUpsideDown;-1.002685546875;1.1028289794921875;0.1058349609375;
2020-08-08 17:08:27;1596931726.149656;portraitUpsideDown;-0.9476470947265625;1.0703887939453125;0.139495849609375;
2020-08-08 17:08:27;1596931726.188873;portraitUpsideDown;-1.0090179443359375;1.120635986328125;-0.18609619140625;
2020-08-08 17:08:27;1596931726.229074;portraitUpsideDown;-1.1458740234375;1.0670013427734375;-0.3642425537109375;
2020-08-08 17:08:27;1596931726.268945;portraitUpsideDown;-1.13031005859375;1.04443359375;-0.4723358154296875;
2020-08-08 17:08:27;1596931726.3091202;portraitUpsideDown;-0.95025634765625;1.0701751708984375;-0.3701324462890625;
2020-08-08 17:08:27;1596931726.349325;portraitUpsideDown;-0.8847808837890625;1.2957916259765625;-0.3490142822265625;
2020-08-08 17:08:27;1596931726.3890672;portraitUpsideDown;-0.8699188232421875;1.0506591796875;-0.3075714111328125;
2020-08-08 17:08:27;1596931726.429162;portraitUpsideDown;-0.9549560546875;1.281158447265625;-0.39288330078125;
2020-08-08 17:08:27;1596931726.469077;portraitUpsideDown;-0.7697601318359375;1.3723297119140625;-0.42779541015625;
2020-08-08 17:08:27;1596931726.5090752;portraitUpsideDown;-0.63726806640625;1.32855224609375;-0.377685546875;
2020-08-08 17:08:27;1596931726.549701;portraitUpsideDown;-0.6435089111328125;1.3289947509765625;-0.116943359375;
2020-08-08 17:08:27;1596931726.589326;portraitUpsideDown;-0.5295867919921875;1.41326904296875;-0.047607421875;
2020-08-08 17:08:27;1596931726.629366;portraitUpsideDown;-0.2041168212890625;1.455322265625;0.099151611328125;
2020-08-08 17:08:27;1596931726.6693;portraitUpsideDown;0.156524658203125;1.236541748046875;0.316497802734375;
2020-08-08 17:08:27;1596931726.709269;portraitUpsideDown;0.1724090576171875;0.970489501953125;0.2829742431640625;
2020-08-08 17:08:27;1596931726.749652;portraitUpsideDown;-0.061065673828125;0.9609832763671875;0.010986328125;
2020-08-08 17:08:27;1596931726.789482;portraitUpsideDown;0.04766845703125;0.94842529296875;0.063629150390625;
2020-08-08 17:08:27;1596931726.8293781;portraitUpsideDown;-0.10076904296875;1.2268218994140625;0.129547119140625;
2020-08-08 17:08:27;1596931726.869429;portraitUpsideDown;-0.1685791015625;1.1555023193359375;-0.11065673828125;
2020-08-08 17:08:27;1596931726.909441;portraitUpsideDown;-0.6772613525390625;1.2486724853515625;-0.23077392578125;
2020-08-08 17:08:27;1596931726.9496632;portraitUpsideDown;-0.739044189453125;1.3009033203125;-0.1003265380859375;
2020-08-08 17:08:27;1596931726.989513;portraitUpsideDown;-0.640411376953125;1.1291656494140625;-0.12603759765625;
2020-08-08 17:08:27;1596931727.0296988;portraitUpsideDown;-0.7303619384765625;0.81414794921875;-0.00140380859375;
2020-08-08 17:08:27;1596931727.069567;portraitUpsideDown;-0.6922454833984375;0.658233642578125;0.0491485595703125;
2020-08-08 17:08:27;1596931727.110025;portraitUpsideDown;-0.5453643798828125;0.8303985595703125;-0.2176971435546875;
2020-08-08 17:08:27;1596931727.149826;portraitUpsideDown;-0.7317657470703125;1.085052490234375;-0.4723968505859375;
2020-08-08 17:08:27;1596931727.189861;portraitUpsideDown;-1.2098541259765625;0.8911590576171875;0.04461669921875;
2020-08-08 17:08:27;1596931727.229659;portraitUpsideDown;-1.700653076171875;0.641204833984375;0.2267303466796875;
2020-08-08 17:08:27;1596931727.269912;portraitUpsideDown;-1.388427734375;0.684661865234375;-0.193115234375;
2020-08-08 17:08:27;1596931727.310083;portraitUpsideDown;-1.0529632568359375;1.074737548828125;-0.538909912109375;
2020-08-08 17:08:27;1596931727.349975;portraitUpsideDown;-0.84222412109375;1.422943115234375;-0.67083740234375;
2020-08-08 17:08:27;1596931727.389841;portraitUpsideDown;-0.865936279296875;1.5417022705078125;-0.5345306396484375;
2020-08-08 17:08:27;1596931727.430028;portraitUpsideDown;-0.797821044921875;1.3538818359375;-0.5263214111328125;
2020-08-08 17:08:27;1596931727.470036;portraitUpsideDown;-0.6697235107421875;0.995269775390625;-0.60235595703125;
2020-08-08 17:08:27;1596931727.510395;portraitUpsideDown;-0.63275146484375;0.6760101318359375;-0.5239715576171875;
2020-08-08 17:08:27;1596931727.549998;portraitUpsideDown;-0.658538818359375;0.8203125;-0.3409423828125;
2020-08-08 17:08:27;1596931727.590176;portraitUpsideDown;-0.5151824951171875;1.2774505615234375;-0.5789337158203125;
2020-08-08 17:08:27;1596931727.630054;portraitUpsideDown;-0.0784912109375;1.51348876953125;-0.553863525390625;
2020-08-08 17:08:27;1596931727.670372;portraitUpsideDown;0.26544189453125;1.5460357666015625;-0.1123199462890625;
2020-08-08 17:08:27;1596931727.7102919;portraitUpsideDown;0.1984710693359375;1.1011962890625;0.0464019775390625;
2020-08-08 17:08:27;1596931727.750298;portraitUpsideDown;0.3918304443359375;1.0497283935546875;0.10870361328125;
2020-08-08 17:08:27;1596931727.7901092;portraitUpsideDown;0.1967010498046875;1.1813507080078125;-0.0536651611328125;
2020-08-08 17:08:27;1596931727.830204;portraitUpsideDown;-0.0039215087890625;1.15380859375;0.1876220703125;
2020-08-08 17:08:27;1596931727.8702579;portraitUpsideDown;-0.599273681640625;1.1874847412109375;0.159423828125;
2020-08-08 17:08:27;1596931727.910705;portraitUpsideDown;-0.692474365234375;1.457550048828125;0.5927276611328125;
2020-08-08 17:08:27;1596931727.950335;portraitUpsideDown;-0.5778350830078125;1.4262237548828125;0.3396148681640625;
2020-08-08 17:08:27;1596931727.9905372;portraitUpsideDown;-0.5709228515625;1.0347137451171875;-0.0163726806640625;
2020-08-08 17:08:27;1596931728.030349;portraitUpsideDown;-0.6253509521484375;0.7467041015625;-0.0668792724609375;
2020-08-08 17:08:27;1596931728.070812;portraitUpsideDown;-0.67529296875;0.723663330078125;-0.0513153076171875;
2020-08-08 17:08:27;1596931728.110451;portraitUpsideDown;-0.561279296875;0.8137969970703125;-0.1866912841796875;
2020-08-08 17:08:27;1596931728.1505718;portraitUpsideDown;-0.56695556640625;0.9414520263671875;-0.2418060302734375;
2020-08-08 17:08:27;1596931728.190611;portraitUpsideDown;-0.711181640625;1.0226593017578125;-0.2187957763671875;
2020-08-08 17:08:27;1596931728.230661;portraitUpsideDown;-0.9835662841796875;0.9874420166015625;-0.06231689453125;
2020-08-08 17:08:27;1596931728.270824;portraitUpsideDown;-1.16278076171875;0.8660430908203125;-0.1268157958984375;
2020-08-08 17:08:27;1596931728.310742;portraitUpsideDown;-1.233673095703125;1.1841583251953125;-0.400604248046875;
2020-08-08 17:08:27;1596931728.350626;portraitUpsideDown;-1.001251220703125;1.198577880859375;-0.143402099609375;
2020-08-08 17:08:27;1596931728.390842;portraitUpsideDown;-1.0795135498046875;1.4645538330078125;-0.0738067626953125;
2020-08-08 17:08:27;1596931728.430708;portraitUpsideDown;-1.0217742919921875;1.55047607421875;-0.1974945068359375;
2020-08-08 17:08:27;1596931728.4711308;portraitUpsideDown;-0.7973480224609375;1.49432373046875;-0.3512725830078125;
2020-08-08 17:08:27;1596931728.5107841;portraitUpsideDown;-0.7306976318359375;1.5748443603515625;-0.3611602783203125;
2020-08-08 17:08:27;1596931728.550928;portraitUpsideDown;-0.5461578369140625;1.581634521484375;-0.1855316162109375;
2020-08-08 17:08:27;1596931728.590805;portraitUpsideDown;-0.350341796875;1.371063232421875;-0.113037109375;
2020-08-08 17:08:27;1596931728.6309881;portraitUpsideDown;-0.2167816162109375;1.092987060546875;-0.1378326416015625;
2020-08-08 17:08:27;1596931728.670879;portraitUpsideDown;-0.139495849609375;0.892608642578125;-0.0522918701171875;
2020-08-08 17:08:27;1596931728.711012;portraitUpsideDown;-0.030059814453125;0.8029632568359375;0.0096282958984375;
2020-08-08 17:08:27;1596931728.7509499;portraitUpsideDown;0.061248779296875;0.7234344482421875;-0.0185699462890625;
2020-08-08 17:08:27;1596931728.791012;portraitUpsideDown;-0.1044464111328125;0.7297515869140625;-0.1681976318359375;
2020-08-08 17:08:27;1596931728.8313751;portraitUpsideDown;-0.08447265625;0.8672332763671875;-0.1393280029296875;
2020-08-08 17:08:27;1596931728.8711739;portraitUpsideDown;-0.2219390869140625;0.936737060546875;-0.1668853759765625;
2020-08-08 17:08:27;1596931728.911028;portraitUpsideDown;-0.756805419921875;1.1607208251953125;0.0678863525390625;
2020-08-08 17:08:27;1596931728.9511418;portraitUpsideDown;-0.86785888671875;1.527374267578125;0.2114105224609375;
2020-08-08 17:08:27;1596931728.991194;portraitUpsideDown;-0.9372406005859375;1.573944091796875;0.0818328857421875;
2020-08-08 17:08:27;1596931729.031569;portraitUpsideDown;-1.0328826904296875;1.2336883544921875;0.057830810546875;
2020-08-08 17:08:27;1596931729.0711222;portraitUpsideDown;-0.98541259765625;0.933135986328125;0.083587646484375;
2020-08-08 17:08:27;1596931729.11133;portraitUpsideDown;-0.971832275390625;0.7916107177734375;0.090362548828125;
2020-08-08 17:08:27;1596931729.151269;portraitUpsideDown;-0.948944091796875;0.693511962890625;0.261260986328125;
2020-08-08 17:08:27;1596931729.191412;portraitUpsideDown;-0.9698638916015625;0.761474609375;0.2971649169921875;
2020-08-08 17:08:27;1596931729.2315679;portraitUpsideDown;-0.97216796875;0.8586273193359375;0.096832275390625;
2020-08-08 17:08:27;1596931729.271502;portraitUpsideDown;-0.898712158203125;0.8149871826171875;0.0042572021484375;
2020-08-08 17:08:27;1596931729.311359;portraitUpsideDown;-0.8309173583984375;0.6964874267578125;0.1365966796875;
2020-08-08 17:08:27;1596931729.351385;portraitUpsideDown;-0.772216796875;0.6708831787109375;-0.0018310546875;
2020-08-08 17:08:27;1596931729.3914518;portraitUpsideDown;-0.6951751708984375;0.8631591796875;-0.1784210205078125;
2020-08-08 17:08:27;1596931729.431995;portraitUpsideDown;-0.59552001953125;1.1069488525390625;-0.2969207763671875;
2020-08-08 17:08:27;1596931729.471484;portraitUpsideDown;-0.628997802734375;1.4483489990234375;-0.471649169921875;
2020-08-08 17:08:27;1596931729.511716;portraitUpsideDown;-0.488037109375;1.3033294677734375;-0.527008056640625;
2020-08-08 17:08:27;1596931729.551567;portraitUpsideDown;-0.4423980712890625;0.9751129150390625;-0.5605621337890625;
2020-08-08 17:08:27;1596931729.5917602;portraitUpsideDown;-0.4389190673828125;0.7233123779296875;-0.4975128173828125;
2020-08-08 17:08:27;1596931729.6316051;portraitUpsideDown;-0.4299468994140625;0.7098388671875;-0.4478912353515625;
2020-08-08 17:08:27;1596931729.6717901;portraitUpsideDown;-0.3812255859375;0.8037261962890625;-0.410980224609375;
2020-08-08 17:08:27;1596931729.711591;portraitUpsideDown;-0.3845367431640625;1.0546722412109375;-0.7743377685546875;
2020-08-08 17:08:27;1596931729.75184;portraitUpsideDown;-0.4802093505859375;1.070465087890625;-0.82208251953125;
2020-08-08 17:08:27;1596931729.791728;portraitUpsideDown;-0.7009124755859375;0.8973388671875;-0.6118927001953125;
2020-08-08 17:08:27;1596931729.8318791;portraitUpsideDown;-0.841552734375;0.8379669189453125;-0.4984130859375;
2020-08-08 17:08:27;1596931729.871667;portraitUpsideDown;-0.8398284912109375;0.937744140625;-0.4016571044921875;
2020-08-08 17:08:27;1596931729.91191;portraitUpsideDown;-0.7573699951171875;1.12408447265625;-0.4569549560546875;
2020-08-08 17:08:27;1596931729.951953;portraitUpsideDown;-0.613494873046875;1.278411865234375;-0.5262603759765625;
2020-08-08 17:08:27;1596931729.992574;portraitUpsideDown;-0.441131591796875;1.268310546875;-0.533966064453125;
2020-08-08 17:08:27;1596931730.031882;portraitUpsideDown;-0.3585357666015625;1.2384185791015625;-0.3738861083984375;
2020-08-08 17:08:27;1596931730.072094;portraitUpsideDown;-0.1490325927734375;1.18951416015625;-0.1068878173828125;
2020-08-08 17:08:27;1596931730.112025;portraitUpsideDown;0.465179443359375;1.2107391357421875;0.1287841796875;
2020-08-08 17:08:27;1596931730.1523309;portraitUpsideDown;0.563079833984375;1.032745361328125;0.3460235595703125;
2020-08-08 17:08:27;1596931730.192154;portraitUpsideDown;-0.08294677734375;1.1911163330078125;0.464996337890625;
2020-08-08 17:08:27;1596931730.232362;portraitUpsideDown;-0.2135009765625;1.2570343017578125;0.3561248779296875;
2020-08-08 17:08:27;1596931730.272064;portraitUpsideDown;-0.4798126220703125;1.5788116455078125;0.187957763671875;
2020-08-08 17:08:27;1596931730.3123531;portraitUpsideDown;-0.613037109375;1.586669921875;-0.0179901123046875;
2020-08-08 17:08:27;1596931730.352439;portraitUpsideDown;-0.5660858154296875;1.1746673583984375;0.0748748779296875;
2020-08-08 17:08:27;1596931730.392838;portraitUpsideDown;-0.6153717041015625;0.8040771484375;0.372161865234375;
2020-08-08 17:08:27;1596931730.432296;portraitUpsideDown;-0.60150146484375;0.61956787109375;0.259552001953125;
2020-08-08 17:08:27;1596931730.472344;portraitUpsideDown;-0.59869384765625;0.6912384033203125;0.057098388671875;
2020-08-08 17:08:27;1596931730.5124202;portraitUpsideDown;-0.6634063720703125;0.8256072998046875;0.015716552734375;
2020-08-08 17:08:27;1596931730.5524468;portraitUpsideDown;-0.7516021728515625;1.0701751708984375;0.01898193359375;
2020-08-08 17:08:27;1596931730.59266;portraitUpsideDown;-0.7074127197265625;1.0491485595703125;-0.0454559326171875;
2020-08-08 17:08:27;1596931730.6324759;portraitUpsideDown;-0.79766845703125;1.0749053955078125;-0.06146240234375;
2020-08-08 17:08:27;1596931730.67246;portraitUpsideDown;-0.8430328369140625;1.1702880859375;0.0927886962890625;
2020-08-08 17:08:27;1596931730.7124891;portraitUpsideDown;-0.8311614990234375;1.1806640625;0.22491455078125;
2020-08-08 17:08:27;1596931730.752487;portraitUpsideDown;-0.9247894287109375;1.4279632568359375;0.2948455810546875;
2020-08-08 17:08:27;1596931730.793005;portraitUpsideDown;-1.0255279541015625;1.678497314453125;0.09588623046875;
2020-08-08 17:08:27;1596931730.83255;portraitUpsideDown;-0.882904052734375;1.8628692626953125;0.039886474609375;
2020-08-08 17:08:27;1596931730.872579;portraitUpsideDown;-0.567657470703125;1.839691162109375;0.084991455078125;
2020-08-08 17:08:27;1596931730.9125872;portraitUpsideDown;-0.1754608154296875;1.552947998046875;0.0458221435546875;
2020-08-08 17:08:27;1596931730.952769;portraitUpsideDown;0.34539794921875;1.2817230224609375;0.163665771484375;
2020-08-08 17:08:27;1596931730.993113;portraitUpsideDown;0.591094970703125;1.08929443359375;0.323211669921875;
2020-08-08 17:08:27;1596931731.032793;portraitUpsideDown;0.139373779296875;1.1352691650390625;0.0529327392578125;
2020-08-08 17:08:27;1596931731.072733;portraitUpsideDown;-0.15240478515625;1.169830322265625;-0.119293212890625;
2020-08-08 17:08:27;1596931731.11285;portraitUpsideDown;0.0751190185546875;1.043243408203125;-0.0296783447265625;
2020-08-08 17:08:27;1596931731.152752;portraitUpsideDown;0.051422119140625;1.2431640625;0.008148193359375;
2020-08-08 17:08:27;1596931731.1931062;portraitUpsideDown;0.1540069580078125;1.3627777099609375;-0.1201629638671875;
2020-08-08 17:08:27;1596931731.2329512;portraitUpsideDown;-0.2392730712890625;1.37701416015625;-0.2292633056640625;
2020-08-08 17:08:27;1596931731.272835;portraitUpsideDown;-0.6816558837890625;1.421295166015625;0.090850830078125;
2020-08-08 17:08:27;1596931731.312844;portraitUpsideDown;-0.6968231201171875;1.21917724609375;0.346954345703125;
2020-08-08 17:08:27;1596931731.3533669;portraitUpsideDown;-0.6037750244140625;1.025634765625;0.3305816650390625;
2020-08-08 17:08:27;1596931731.393151;portraitUpsideDown;-0.64385986328125;0.85589599609375;0.28204345703125;
2020-08-08 17:08:27;1596931731.4330258;portraitUpsideDown;-0.636322021484375;0.860076904296875;0.108154296875;
2020-08-08 17:08:27;1596931731.47303;portraitUpsideDown;-0.6420135498046875;1.0307464599609375;-0.080047607421875;
2020-08-08 17:08:27;1596931731.51327;portraitUpsideDown;-0.8071136474609375;1.060455322265625;-0.1256103515625;
2020-08-08 17:08:27;1596931731.55345;portraitUpsideDown;-1.0811614990234375;0.99884033203125;-0.0695953369140625;
2020-08-08 17:08:27;1596931731.593437;portraitUpsideDown;-1.0262603759765625;0.9521636962890625;-0.1693878173828125;
2020-08-08 17:08:27;1596931731.633285;portraitUpsideDown;-1.02105712890625;1.125152587890625;-0.2615966796875;
2020-08-08 17:08:27;1596931731.673312;portraitUpsideDown;-1.0426483154296875;1.01580810546875;-0.3518829345703125;
2020-08-08 17:08:27;1596931731.713238;portraitUpsideDown;-1.17010498046875;1.2234344482421875;-0.399749755859375;
2020-08-08 17:08:27;1596931731.753705;portraitUpsideDown;-0.93231201171875;1.5728912353515625;-0.41845703125;
2020-08-08 17:08:27;1596931731.7934752;portraitUpsideDown;-0.6711273193359375;1.6022491455078125;-0.480194091796875;
2020-08-08 17:08:27;1596931731.833468;portraitUpsideDown;-0.863616943359375;1.4773406982421875;-0.151458740234375;
2020-08-08 17:08:27;1596931731.873344;portraitUpsideDown;-0.7417755126953125;1.4585113525390625;0.4350128173828125;
2020-08-08 17:08:27;1596931731.91356;portraitUpsideDown;-0.13909912109375;1.4577789306640625;0.8123626708984375;
2020-08-08 17:08:27;1596931731.95367;portraitUpsideDown;-0.0699615478515625;1.4636383056640625;0.56341552734375;
2020-08-08 17:08:27;1596931731.9937391;portraitUpsideDown;0.1776123046875;1.35498046875;0.4465484619140625;
2020-08-08 17:08:27;1596931732.033506;portraitUpsideDown;0.3160552978515625;1.218841552734375;0.2654571533203125;
2020-08-08 17:08:27;1596931732.073533;portraitUpsideDown;0.001708984375;1.1452178955078125;0.001007080078125;
2020-08-08 17:08:27;1596931732.113328;portraitUpsideDown;-0.216949462890625;1.178253173828125;0.0488739013671875;
2020-08-08 17:08:27;1596931732.1536632;portraitUpsideDown;-0.2192230224609375;1.046844482421875;-0.1480560302734375;
2020-08-08 17:08:27;1596931732.193721;portraitUpsideDown;-0.252716064453125;0.980621337890625;-0.153900146484375;
2020-08-08 17:08:27;1596931732.2338529;portraitUpsideDown;-0.3032379150390625;0.968017578125;-0.1238861083984375;
2020-08-08 17:08:27;1596931732.273752;portraitUpsideDown;-0.4076995849609375;0.9883575439453125;-0.247406005859375;
2020-08-08 17:08:27;1596931732.314108;portraitUpsideDown;-0.58197021484375;0.8904571533203125;-0.4401702880859375;
2020-08-08 17:08:27;1596931732.35376;portraitUpsideDown;-0.6814117431640625;0.85382080078125;-0.4013214111328125;
2020-08-08 17:08:27;1596931732.393968;portraitUpsideDown;-0.767120361328125;1.061370849609375;-0.226226806640625;
2020-08-08 17:08:27;1596931732.433845;portraitUpsideDown;-0.7348785400390625;1.117828369140625;-0.1960906982421875;
2020-08-08 17:08:27;1596931732.474005;portraitUpsideDown;-1.01171875;1.25860595703125;-0.2175445556640625;
2020-08-08 17:08:27;1596931732.514176;portraitUpsideDown;-1.241546630859375;1.2816314697265625;-0.00518798828125;
2020-08-08 17:08:27;1596931732.5540628;portraitUpsideDown;-1.43719482421875;1.175567626953125;0.158782958984375;
2020-08-08 17:08:27;1596931732.59407;portraitUpsideDown;-1.3416748046875;1.117950439453125;0.0077362060546875;
2020-08-08 17:08:27;1596931732.634129;portraitUpsideDown;-1.342132568359375;0.9308624267578125;-0.241912841796875;
2020-08-08 17:08:27;1596931732.673996;portraitUpsideDown;-1.4683380126953125;0.900909423828125;-0.36126708984375;
2020-08-08 17:08:27;1596931732.714158;portraitUpsideDown;-1.2003173828125;0.9165802001953125;-0.3314361572265625;
2020-08-08 17:08:27;1596931732.754045;portraitUpsideDown;-0.8901214599609375;0.9095611572265625;-0.2981109619140625;
2020-08-08 17:08:27;1596931732.794174;portraitUpsideDown;-0.783935546875;1.0279083251953125;-0.21954345703125;
2020-08-08 17:08:27;1596931732.834062;portraitUpsideDown;-0.734832763671875;1.25079345703125;-0.1771697998046875;
2020-08-08 17:08:27;1596931732.874269;portraitUpsideDown;-0.7653350830078125;1.607940673828125;-0.145721435546875;
2020-08-08 17:08:27;1596931732.914427;portraitUpsideDown;-0.6351470947265625;1.8748626708984375;-0.2713623046875;
2020-08-08 17:08:27;1596931732.954321;portraitUpsideDown;-0.3919525146484375;1.8149871826171875;-0.345855712890625;
2020-08-08 17:08:27;1596931732.9941459;portraitUpsideDown;0.2470245361328125;1.4954833984375;0.075286865234375;
2020-08-08 17:08:27;1596931733.034332;portraitUpsideDown;0.864898681640625;1.027740478515625;0.2889556884765625;
2020-08-08 17:08:27;1596931733.074308;portraitUpsideDown;0.697052001953125;1.045867919921875;0.175079345703125;
2020-08-08 17:08:27;1596931733.114512;portraitUpsideDown;0.14306640625;1.0504608154296875;-0.0443878173828125;
2020-08-08 17:08:27;1596931733.154391;portraitUpsideDown;-0.4273681640625;1.5526123046875;0.2120361328125;
2020-08-08 17:08:27;1596931733.194417;portraitUpsideDown;-0.6588287353515625;1.706268310546875;0.2804412841796875;
2020-08-08 17:08:27;1596931733.234515;portraitUpsideDown;-0.7283782958984375;1.290863037109375;0.0169525146484375;
2020-08-08 17:08:27;1596931733.274603;portraitUpsideDown;-0.7959442138671875;0.949981689453125;-0.0107574462890625;
2020-08-08 17:08:27;1596931733.3147268;portraitUpsideDown;-0.7357940673828125;0.8771514892578125;0.0477752685546875;
2020-08-08 17:08:27;1596931733.354618;portraitUpsideDown;-0.6973876953125;0.969146728515625;0.010345458984375;
2020-08-08 17:08:27;1596931733.394328;portraitUpsideDown;-0.8218994140625;1.1015625;0.0203704833984375;
2020-08-08 17:08:27;1596931733.4347382;portraitUpsideDown;-1.120330810546875;1.1220855712890625;-0.042236328125;
2020-08-08 17:08:27;1596931733.474568;portraitUpsideDown;-1.286651611328125;1.0189361572265625;-0.389984130859375;
2020-08-08 17:08:27;1596931733.515188;portraitUpsideDown;-1.2041778564453125;0.8574066162109375;-0.567413330078125;
2020-08-08 17:08:27;1596931733.554666;portraitUpsideDown;-1.2306060791015625;1.1450347900390625;-0.422698974609375;
2020-08-08 17:08:27;1596931733.5948238;portraitUpsideDown;-1.1310272216796875;1.2308807373046875;-0.0606231689453125;
2020-08-08 17:08:27;1596931733.636078;portraitUpsideDown;-1.2580413818359375;1.563995361328125;-0.0636138916015625;
2020-08-08 17:08:27;1596931733.6749701;portraitUpsideDown;-1.164581298828125;1.77764892578125;-0.22589111328125;
2020-08-08 17:08:27;1596931733.715169;portraitUpsideDown;-0.90032958984375;1.738922119140625;-0.2242431640625;
2020-08-08 17:08:27;1596931733.755019;portraitUpsideDown;-0.7412872314453125;1.6677093505859375;-0.0921478271484375;
2020-08-08 17:08:27;1596931733.7948751;portraitUpsideDown;-0.490386962890625;1.58294677734375;0.004669189453125;
2020-08-08 17:08:27;1596931733.835089;portraitUpsideDown;-0.3026275634765625;1.38970947265625;-0.031280517578125;
2020-08-08 17:08:27;1596931733.875002;portraitUpsideDown;-0.0735321044921875;1.1795196533203125;0.04052734375;
2020-08-08 17:08:27;1596931733.915174;portraitUpsideDown;0.1738128662109375;0.981689453125;0.1580657958984375;
2020-08-08 17:08:27;1596931733.955013;portraitUpsideDown;0.245635986328125;0.8423004150390625;0.0731353759765625;
2020-08-08 17:08:27;1596931733.9951348;portraitUpsideDown;0.2222747802734375;0.7145233154296875;0.006683349609375;
2020-08-08 17:08:27;1596931734.035105;portraitUpsideDown;0.04791259765625;0.9174041748046875;0.0908966064453125;
2020-08-08 17:08:27;1596931734.075249;portraitUpsideDown;0.0550384521484375;1.1313323974609375;0.0208587646484375;
2020-08-08 17:08:27;1596931734.1151462;portraitUpsideDown;-0.3357696533203125;1.4634246826171875;-0.276763916015625;
2020-08-08 17:08:27;1596931734.155204;portraitUpsideDown;-0.725677490234375;1.81097412109375;-0.1455535888671875;
2020-08-08 17:08:27;1596931734.1959171;portraitUpsideDown;-0.882720947265625;1.7120513916015625;-0.093536376953125;
2020-08-08 17:08:27;1596931734.236558;portraitUpsideDown;-0.972076416015625;1.283935546875;-0.11669921875;
2020-08-08 17:08:27;1596931734.276568;portraitUpsideDown;-1.0713653564453125;0.9537506103515625;-0.0614776611328125;
2020-08-08 17:08:27;1596931734.31657;portraitUpsideDown;-1.0191497802734375;0.9388885498046875;-0.2402496337890625;
2020-08-08 17:08:27;1596931734.355389;portraitUpsideDown;-0.998565673828125;1.056060791015625;-0.303131103515625;
2020-08-08 17:08:27;1596931734.39615;portraitUpsideDown;-1.152740478515625;1.01251220703125;-0.6598052978515625;
2020-08-08 17:08:27;1596931734.4366488;portraitUpsideDown;-1.3949737548828125;0.9799652099609375;-0.6546173095703125;
2020-08-08 17:08:27;1596931734.476709;portraitUpsideDown;-1.176025390625;0.8911895751953125;-0.4292755126953125;
2020-08-08 17:08:27;1596931734.516634;portraitUpsideDown;-1.1384124755859375;1.138763427734375;-0.508026123046875;
2020-08-08 17:08:27;1596931734.5565739;portraitUpsideDown;-1.2318878173828125;1.2432861328125;-0.2552947998046875;
2020-08-08 17:08:27;1596931734.596177;portraitUpsideDown;-1.3546600341796875;1.815582275390625;-0.1960906982421875;
2020-08-08 17:08:27;1596931734.6370502;portraitUpsideDown;-0.9311981201171875;2.3505706787109375;-0.2787322998046875;
2020-08-08 17:08:27;1596931734.676876;portraitUpsideDown;-0.7058258056640625;1.949676513671875;-0.34661865234375;
2020-08-08 17:08:27;1596931734.716608;portraitUpsideDown;-0.7131195068359375;1.4746246337890625;0.3011932373046875;
2020-08-08 17:08:27;1596931734.756668;portraitUpsideDown;-0.4122772216796875;1.08294677734375;0.6470947265625;
2020-08-08 17:08:27;1596931734.796245;portraitUpsideDown;-0.303466796875;0.83148193359375;0.3884429931640625;
2020-08-08 17:08:27;1596931734.8367329;portraitUpsideDown;-0.14361572265625;0.7565460205078125;0.2564239501953125;
2020-08-08 17:08:27;1596931734.876789;portraitUpsideDown;0.03985595703125;0.7032928466796875;0.22113037109375;
2020-08-08 17:08:27;1596931734.916277;portraitUpsideDown;0.1418609619140625;0.6703338623046875;0.13970947265625;
2020-08-08 17:08:27;1596931734.956756;portraitUpsideDown;0.1928558349609375;0.72100830078125;0.0377197265625;
2020-08-08 17:08:27;1596931734.996358;portraitUpsideDown;0.2253570556640625;0.8152923583984375;-0.1175689697265625;
2020-08-08 17:08:27;1596931735.036649;portraitUpsideDown;0.08966064453125;1.08135986328125;-0.2759552001953125;
2020-08-08 17:08:27;1596931735.0765538;portraitUpsideDown;-0.3586273193359375;1.511016845703125;-0.3269195556640625;
2020-08-08 17:08:27;1596931735.1166549;portraitUpsideDown;-0.7484283447265625;2.124298095703125;-0.2485198974609375;
2020-08-08 17:08:27;1596931735.1576939;portraitUpsideDown;-0.95111083984375;2.5904998779296875;-0.3312530517578125;
2020-08-08 17:08:27;1596931735.197878;portraitUpsideDown;-1.03424072265625;2.0507659912109375;-0.4942169189453125;
2020-08-08 17:08:27;1596931735.236727;portraitUpsideDown;-1.113983154296875;1.36798095703125;-0.1992034912109375;
2020-08-08 17:08:27;1596931735.276627;portraitUpsideDown;-1.1491851806640625;1.00634765625;-0.0894012451171875;
2020-08-08 17:08:27;1596931735.316514;portraitUpsideDown;-1.0770111083984375;1.08050537109375;-0.125244140625;
2020-08-08 17:08:27;1596931735.35675;portraitUpsideDown;-0.85809326171875;1.1624298095703125;-0.21527099609375;
2020-08-08 17:08:27;1596931735.39663;portraitUpsideDown;-0.6541595458984375;1.200042724609375;-0.3833465576171875;
2020-08-08 17:08:27;1596931735.4368072;portraitUpsideDown;-0.5489959716796875;1.13677978515625;-0.450164794921875;
2020-08-08 17:08:27;1596931735.476598;portraitUpsideDown;-0.58160400390625;0.9625396728515625;-0.3236083984375;
2020-08-08 17:08:27;1596931735.516747;portraitUpsideDown;-0.810546875;0.8896484375;-0.2936859130859375;
2020-08-08 17:08:27;1596931735.556629;portraitUpsideDown;-1.0469970703125;0.9069671630859375;-0.2887725830078125;
2020-08-08 17:08:27;1596931735.5966449;portraitUpsideDown;-1.3617401123046875;1.0238189697265625;-0.3387603759765625;
2020-08-08 17:08:27;1596931735.6366138;portraitUpsideDown;-1.384490966796875;1.3487701416015625;-0.1447601318359375;
2020-08-08 17:08:27;1596931735.676652;portraitUpsideDown;-1.2522125244140625;1.78399658203125;-0.108306884765625;
2020-08-08 17:08:27;1596931735.71772;portraitUpsideDown;-1.1533355712890625;2.1375732421875;-0.02117919921875;
2020-08-08 17:08:27;1596931735.758164;portraitUpsideDown;-0.9440460205078125;2.367462158203125;-0.009033203125;
2020-08-08 17:08:27;1596931735.797929;portraitUpsideDown;-0.618743896484375;2.18316650390625;-0.1942901611328125;
2020-08-08 17:08:27;1596931735.8368301;portraitUpsideDown;-0.333038330078125;1.7596435546875;-0.2053375244140625;
2020-08-08 17:08:27;1596931735.8766289;portraitUpsideDown;-0.1518402099609375;1.2869873046875;0.093109130859375;
2020-08-08 17:08:27;1596931735.917093;portraitUpsideDown;-0.1004486083984375;0.9877777099609375;0.1939697265625;
2020-08-08 17:08:27;1596931735.956589;portraitUpsideDown;0.0661163330078125;0.7318572998046875;0.139434814453125;
2020-08-08 17:08:27;1596931735.9969301;portraitUpsideDown;0.223480224609375;0.5163421630859375;0.0292510986328125;
2020-08-08 17:08:27;1596931736.0367289;portraitUpsideDown;0.2187957763671875;0.6599578857421875;-0.037017822265625;
2020-08-08 17:08:27;1596931736.0771399;portraitUpsideDown;0.23065185546875;0.8403778076171875;-0.1514434814453125;
2020-08-08 17:08:27;1596931736.116982;portraitUpsideDown;-0.417999267578125;1.1841583251953125;-0.2686920166015625;
2020-08-08 17:08:27;1596931736.1569629;portraitUpsideDown;-0.9246063232421875;1.66107177734375;0.229278564453125;
2020-08-08 17:08:27;1596931736.1972408;portraitUpsideDown;-0.9035186767578125;1.7522430419921875;0.3665924072265625;
2020-08-08 17:08:27;1596931736.237072;portraitUpsideDown;-0.9915008544921875;1.47943115234375;0.08050537109375;
2020-08-08 17:08:27;1596931736.276897;portraitUpsideDown;-0.9994354248046875;1.220245361328125;-0.0270843505859375;
2020-08-08 17:08:27;1596931736.318203;portraitUpsideDown;-1.0669097900390625;1.0277557373046875;0.0691680908203125;
2020-08-08 17:08:27;1596931736.3570151;portraitUpsideDown;-1.0003662109375;0.8791656494140625;0.145050048828125;
2020-08-08 17:08:27;1596931736.398277;portraitUpsideDown;-0.61334228515625;0.7852783203125;-1.296600341796875;
2020-08-08 17:08:27;1596931736.43698;portraitUpsideDown;-1.497772216796875;0.6263427734375;-0.1163787841796875;
2020-08-08 17:08:27;1596931736.477306;portraitUpsideDown;-2.0518341064453125;1.0190582275390625;-0.77996826171875;
2020-08-08 17:08:27;1596931736.517056;portraitUpsideDown;-1.5411224365234375;0.991729736328125;-1.082763671875;
2020-08-08 17:08:27;1596931736.557623;portraitUpsideDown;-0.8758544921875;0.9364776611328125;-0.1753387451171875;
2020-08-08 17:08:27;1596931736.5971231;portraitUpsideDown;-0.3479766845703125;0.863189697265625;0.046539306640625;
2020-08-08 17:08:27;1596931736.637299;portraitUpsideDown;0.108123779296875;0.8883056640625;-0.19598388671875;
2020-08-08 17:08:27;1596931736.6771379;portraitUpsideDown;0.0749969482421875;0.90728759765625;-0.2027740478515625;
2020-08-08 17:08:27;1596931736.717373;portraitUpsideDown;-0.397674560546875;1.172698974609375;-0.180877685546875;
2020-08-08 17:08:27;1596931736.757196;portraitUpsideDown;-0.385894775390625;1.1638336181640625;-0.731781005859375;
2020-08-08 17:08:27;1596931736.798455;portraitUpsideDown;-0.179718017578125;1.0091552734375;-0.7464599609375;
2020-08-08 17:08:27;1596931736.837301;portraitUpsideDown;-0.110992431640625;1.0368194580078125;-1.0416412353515625;
2020-08-08 17:08:27;1596931736.8775802;portraitUpsideDown;0.0433502197265625;0.9637298583984375;-1.0785675048828125;
2020-08-08 17:08:27;1596931736.917688;portraitUpsideDown;-0.06036376953125;0.8155670166015625;-0.873565673828125;
2020-08-08 17:08:27;1596931736.957605;portraitUpsideDown;-0.2855987548828125;0.7716827392578125;-0.676910400390625;
2020-08-08 17:08:27;1596931736.997367;portraitUpsideDown;-0.429412841796875;0.881927490234375;-0.4755401611328125;
2020-08-08 17:08:27;1596931737.037743;portraitUpsideDown;-0.5077972412109375;0.9162139892578125;-0.4566650390625;
2020-08-08 17:08:27;1596931737.0775719;portraitUpsideDown;-0.615386962890625;1.0998077392578125;-0.3964996337890625;
2020-08-08 17:08:27;1596931737.1180449;portraitUpsideDown;-0.5890960693359375;1.2468414306640625;-0.19317626953125;
2020-08-08 17:08:27;1596931737.157517;portraitUpsideDown;-0.635101318359375;1.234710693359375;-0.104888916015625;
2020-08-08 17:08:27;1596931737.198004;portraitUpsideDown;-0.6423797607421875;1.209442138671875;-0.2335205078125;
2020-08-08 17:08:27;1596931737.237643;portraitUpsideDown;-0.5462493896484375;1.273529052734375;-0.1717376708984375;
2020-08-08 17:08:27;1596931737.277899;portraitUpsideDown;-0.4673309326171875;1.1993560791015625;-0.1302337646484375;
2020-08-08 17:08:27;1596931737.318025;portraitUpsideDown;-0.5508575439453125;0.9957427978515625;-0.071990966796875;
2020-08-08 17:08:27;1596931737.3579478;portraitUpsideDown;-0.653167724609375;0.7610321044921875;-0.1039581298828125;
2020-08-08 17:08:27;1596931737.397993;portraitUpsideDown;-0.62835693359375;0.6046295166015625;-0.0806121826171875;
2020-08-08 17:08:27;1596931737.438107;portraitUpsideDown;-0.67828369140625;0.5530853271484375;-0.3092803955078125;
2020-08-08 17:08:27;1596931737.478166;portraitUpsideDown;-0.55908203125;0.650634765625;-0.4449005126953125;
2020-08-08 17:08:27;1596931737.518244;portraitUpsideDown;-0.5356292724609375;0.623382568359375;-0.3494873046875;
2020-08-08 17:08:27;1596931737.557863;portraitUpsideDown;-0.732330322265625;0.178009033203125;-0.931060791015625;
2020-08-08 17:08:27;1596931737.5981;portraitUpsideDown;-0.55560302734375;0.043914794921875;-0.8603057861328125;
2020-08-08 17:08:27;1596931737.6378489;portraitUpsideDown;-0.3869171142578125;-0.5901031494140625;-0.542633056640625;
2020-08-08 17:08:27;1596931737.678468;portraitUpsideDown;-0.092987060546875;-0.903656005859375;-1.3621368408203125;
2020-08-08 17:08:27;1596931737.7194571;portraitUpsideDown;-0.2501220703125;-0.712371826171875;-2.2561187744140625;
2020-08-08 17:08:27;1596931737.758572;portraitUpsideDown;0.431243896484375;-0.48883056640625;-0.8192901611328125;
2020-08-08 17:08:27;1596931737.798141;portraitUpsideDown;0.4838714599609375;-0.4329833984375;-0.77838134765625;
2020-08-08 17:08:27;1596931737.838457;portraitUpsideDown;-0.21685791015625;-0.294769287109375;-0.656005859375;
2020-08-08 17:08:27;1596931737.878107;portraitUpsideDown;-0.305389404296875;-0.331573486328125;-0.7265472412109375;
2020-08-08 17:08:27;1596931737.918335;portraitUpsideDown;0.0220184326171875;-0.363494873046875;-0.663299560546875;
2020-08-08 17:08:27;1596931737.958129;portraitUpsideDown;0.0200042724609375;-0.3997955322265625;-0.3820953369140625;
2020-08-08 17:08:27;1596931737.998394;portraitUpsideDown;-0.098297119140625;-0.5700836181640625;-0.445465087890625;
2020-08-08 17:08:27;1596931738.0383;portraitUpsideDown;0.1802825927734375;-0.6450653076171875;-0.8045806884765625;
2020-08-08 17:08:27;1596931738.078471;portraitUpsideDown;-0.34344482421875;-0.6268157958984375;-0.7684783935546875;
2020-08-08 17:08:27;1596931738.118384;portraitUpsideDown;-0.1810760498046875;-0.6464385986328125;-0.6887664794921875;
2020-08-08 17:08:27;1596931738.158612;portrait;-0.1518707275390625;-0.5995025634765625;-0.6516876220703125;
2020-08-08 17:08:27;1596931738.198306;portrait;0.0050048828125;-0.5690765380859375;-0.70208740234375;
2020-08-08 17:08:27;1596931738.238692;portrait;-0.0370635986328125;-0.63238525390625;-0.6711578369140625;
2020-08-08 17:08:27;1596931738.278544;portrait;-0.1449432373046875;-0.6424102783203125;-0.7814788818359375;
2020-08-08 17:08:27;1596931738.3191519;portrait;-0.07659912109375;-0.6834259033203125;-0.91217041015625;
2020-08-08 17:08:27;1596931738.358581;portrait;-0.0895233154296875;-0.6733856201171875;-0.6937103271484375;
